Order Date,Region,Segment,Category,Sub-Category,Sales,Quantity,Profit,Country,City
2024-01-13,Central,Consumer,Office Supplies,Binders,1154.89,2,950.39,United States,Los Angeles
2024-10-29,South,Consumer,Office Supplies,Binders,197.5,4,195.52,United States,Houston
2024-10-14,West,Home Office,Office Supplies,Binders,3266.93,9,513.18,United States,San Diego
2024-05-22,East,Consumer,Technology,Laptops,3505.79,6,272.38,United States,New York
2024-02-22,East,Corporate,Furniture,Tables,528.75,6,826.33,United States,San Diego
2024-08-23,East,Corporate,Furniture,Bookcases,440.06,5,1209.99,United States,Los Angeles
2024-10-22,West,Home Office,Office Supplies,Paper,394.3,4,1114.22,United States,New York
2024-02-21,South,Corporate,Furniture,Chairs,2294.38,6,76.51,United States,Dallas
2024-12-09,Central,Home Office,Technology,Phones,4686.44,2,835.52,United States,Chicago
2024-05-05,West,Corporate,Furniture,Bookcases,1928.3,9,173.35,United States,Phoenix
2024-04-27,East,Corporate,Technology,Phones,2035.77,2,158.67,United States,San Diego
2024-06-10,West,Home Office,Office Supplies,Storage,2521.19,8,42.88,United States,Philadelphia
2024-10-14,Central,Home Office,Furniture,Chairs,2943.7,10,478.98,United States,San Diego
2024-09-17,South,Consumer,Furniture,Chairs,3791.12,2,59.83,United States,Philadelphia
2024-08-04,East,Corporate,Furniture,Bookcases,1939.02,8,699.49,United States,Philadelphia
2024-12-14,East,Home Office,Office Supplies,Binders,4429.7,5,1106.62,United States,Los Angeles
2024-05-30,South,Consumer,Technology,Phones,2295.93,5,1452.21,United States,San Jose
2024-02-24,Central,Home Office,Furniture,Bookcases,2562.93,4,59.83,United States,Phoenix
2024-09-28,East,Home Office,Furniture,Bookcases,1654.57,1,-9.82,United States,Los Angeles
2024-05-02,East,Consumer,Technology,Accessories,4396.15,2,-54.39,United States,Dallas
2024-09-29,West,Consumer,Technology,Phones,3315.77,9,80.72,United States,San Antonio
2024-08-04,West,Home Office,Office Supplies,Storage,3788.56,4,1012.01,United States,Phoenix
2024-11-28,Central,Corporate,Technology,Laptops,4503.09,8,5.71,United States,Phoenix
2024-06-22,East,Home Office,Furniture,Chairs,2791.91,10,174.37,United States,Dallas
2024-11-19,East,Consumer,Furniture,Bookcases,383.63,1,1261.38,United States,Dallas
2024-05-01,Central,Home Office,Furniture,Bookcases,2452.8,9,24.93,United States,Los Angeles
2024-08-30,West,Corporate,Office Supplies,Storage,4047.11,4,-39.65,United States,San Antonio
2024-06-30,South,Corporate,Office Supplies,Paper,2361.77,1,944.72,United States,San Antonio
2024-02-01,South,Home Office,Office Supplies,Binders,1729.55,2,222.72,United States,San Jose
2024-08-17,West,Corporate,Furniture,Bookcases,958.27,8,224.67,United States,Houston
2024-10-08,East,Consumer,Furniture,Tables,3278.12,9,1221.25,United States,San Jose
2024-03-26,South,Corporate,Furniture,Chairs,2432.72,7,1334.15,United States,Philadelphia
2024-01-02,South,Corporate,Furniture,Tables,4636.26,8,284.92,United States,San Antonio
2024-10-11,South,Consumer,Office Supplies,Storage,989.99,4,1446.81,United States,New York
2024-10-04,East,Home Office,Office Supplies,Storage,1602.34,1,793.1,United States,Chicago
2024-03-21,East,Home Office,Office Supplies,Storage,446.55,3,-83.51,United States,Dallas
2024-04-30,South,Consumer,Furniture,Bookcases,4710.9,10,218.57,United States,Philadelphia
2024-11-13,East,Corporate,Office Supplies,Binders,3304.0,10,688.73,United States,New York
2024-12-08,Central,Consumer,Technology,Phones,1364.79,3,941.87,United States,Houston
2024-06-10,East,Consumer,Technology,Accessories,2318.51,10,1493.36,United States,San Diego
2024-04-19,Central,Consumer,Furniture,Bookcases,4669.63,2,1294.76,United States,New York
2024-03-21,South,Home Office,Technology,Accessories,3532.52,10,1472.55,United States,Houston
2024-01-05,Central,Home Office,Office Supplies,Storage,562.75,3,249.59,United States,San Antonio
2024-10-10,West,Corporate,Furniture,Bookcases,1444.69,4,1019.94,United States,Los Angeles
2024-11-20,Central,Home Office,Furniture,Bookcases,2468.23,1,-43.09,United States,San Jose
2024-01-23,East,Corporate,Technology,Accessories,3867.04,5,74.69,United States,Houston
2024-12-27,South,Home Office,Technology,Laptops,97.87,2,1406.59,United States,San Antonio
2024-10-06,East,Corporate,Office Supplies,Binders,2933.42,3,530.64,United States,Chicago
2024-07-05,East,Corporate,Furniture,Tables,1089.88,4,933.79,United States,San Jose
2024-07-27,West,Consumer,Technology,Laptops,4329.8,3,1298.41,United States,Houston
2024-06-19,South,Home Office,Furniture,Chairs,4327.12,4,253.57,United States,Phoenix
2024-07-14,East,Corporate,Office Supplies,Binders,1151.05,8,394.42,United States,San Antonio
2024-01-13,West,Corporate,Furniture,Chairs,1674.9,2,1443.71,United States,San Diego
2024-11-24,South,Home Office,Technology,Accessories,4906.69,9,362.95,United States,Dallas
2024-05-13,West,Home Office,Furniture,Chairs,4814.54,5,-134.96,United States,San Diego
2024-06-25,Central,Corporate,Office Supplies,Paper,3050.73,9,-3.4,United States,San Jose
2024-05-10,East,Home Office,Office Supplies,Binders,2208.48,9,1373.48,United States,Houston
2024-12-09,West,Corporate,Office Supplies,Storage,2184.92,6,859.36,United States,San Antonio
2024-06-02,Central,Home Office,Office Supplies,Binders,2071.54,7,985.25,United States,San Diego
2024-04-08,South,Home Office,Office Supplies,Binders,4704.8,3,846.38,United States,San Antonio
2024-10-07,East,Corporate,Technology,Accessories,1470.22,7,1135.79,United States,Los Angeles
2024-06-13,South,Corporate,Office Supplies,Storage,2238.69,4,669.0,United States,New York
2024-12-03,East,Corporate,Office Supplies,Binders,2601.49,10,369.82,United States,Philadelphia
2024-06-07,West,Consumer,Furniture,Bookcases,779.4,1,216.23,United States,San Jose
2024-02-07,South,Corporate,Technology,Laptops,4436.38,10,130.54,United States,San Jose
2024-09-10,South,Consumer,Office Supplies,Paper,780.48,1,1317.52,United States,Philadelphia
2024-04-22,West,Home Office,Furniture,Tables,2613.89,1,747.59,United States,Philadelphia
2024-03-09,South,Home Office,Furniture,Tables,2679.1,9,812.27,United States,Chicago
2024-09-15,South,Home Office,Technology,Laptops,2257.27,3,1064.21,United States,San Antonio
2024-05-12,West,Home Office,Technology,Accessories,1422.69,9,623.81,United States,Los Angeles
2024-08-13,East,Home Office,Furniture,Tables,1464.35,5,370.94,United States,San Diego
2024-03-11,West,Consumer,Office Supplies,Binders,1946.02,3,1000.91,United States,San Antonio
2024-07-27,Central,Home Office,Furniture,Tables,2356.33,1,151.62,United States,San Diego
2024-10-26,East,Home Office,Technology,Accessories,1932.89,1,1402.66,United States,Phoenix
2024-08-02,West,Corporate,Technology,Accessories,1136.14,7,625.59,United States,San Antonio
2024-12-08,South,Home Office,Technology,Accessories,866.97,8,1363.22,United States,San Diego
2024-01-14,South,Home Office,Office Supplies,Storage,2843.74,1,-57.29,United States,Philadelphia
2024-08-24,West,Consumer,Technology,Phones,1337.77,6,159.82,United States,San Jose
2024-07-13,Central,Corporate,Technology,Accessories,1298.74,2,599.52,United States,New York
2024-01-27,Central,Consumer,Office Supplies,Storage,3268.21,1,1082.2,United States,Chicago
2024-01-11,West,Consumer,Furniture,Chairs,674.79,2,758.75,United States,Philadelphia
2024-12-24,Central,Corporate,Furniture,Tables,880.56,10,1438.35,United States,San Jose
2024-03-24,Central,Consumer,Office Supplies,Binders,2914.49,5,778.85,United States,Philadelphia
2024-04-11,East,Home Office,Technology,Accessories,3468.54,4,-26.77,United States,Chicago
2024-11-03,East,Home Office,Technology,Laptops,3924.04,6,705.67,United States,Dallas
2024-02-05,Central,Consumer,Office Supplies,Paper,4255.4,8,-20.58,United States,San Diego
2024-08-23,West,Corporate,Technology,Laptops,921.88,9,1441.31,United States,Phoenix
2024-10-02,South,Corporate,Technology,Laptops,2206.09,10,256.27,United States,San Diego
2024-05-22,South,Consumer,Furniture,Chairs,3764.86,10,837.56,United States,New York
2024-01-15,South,Corporate,Technology,Accessories,950.11,4,403.2,United States,San Diego
2024-05-23,Central,Home Office,Technology,Accessories,100.25,4,-54.46,United States,San Diego
2024-09-07,West,Home Office,Office Supplies,Paper,2406.66,8,561.9,United States,Los Angeles
2024-05-30,West,Corporate,Furniture,Chairs,3474.35,5,928.73,United States,San Diego
2024-10-10,Central,Corporate,Technology,Accessories,4983.33,9,362.35,United States,New York
2024-05-18,Central,Corporate,Office Supplies,Paper,1191.16,4,336.43,United States,Los Angeles
2024-12-19,West,Consumer,Office Supplies,Storage,1121.1,8,270.05,United States,New York
2024-11-01,Central,Consumer,Office Supplies,Storage,4171.51,5,186.72,United States,New York
2024-01-08,West,Corporate,Furniture,Tables,275.3,1,740.71,United States,Houston
2024-11-22,South,Consumer,Office Supplies,Binders,4369.96,10,283.38,United States,Los Angeles
2024-06-23,West,Consumer,Technology,Accessories,1299.77,8,-6.05,United States,New York
2024-09-08,East,Home Office,Furniture,Tables,3165.76,1,57.94,United States,Chicago
2024-02-13,West,Consumer,Office Supplies,Paper,2812.46,7,830.74,United States,Dallas
2024-09-24,South,Corporate,Office Supplies,Binders,4547.1,5,1262.28,United States,Phoenix
2024-10-18,East,Home Office,Technology,Accessories,4802.54,2,1410.9,United States,Dallas
2024-04-18,Central,Home Office,Furniture,Bookcases,451.88,4,95.48,United States,Phoenix
2024-01-02,South,Corporate,Furniture,Chairs,3462.39,8,295.14,United States,Los Angeles
2024-12-27,Central,Home Office,Furniture,Tables,4305.05,2,968.55,United States,Houston
2024-10-28,West,Corporate,Technology,Laptops,618.14,4,900.98,United States,Chicago
2024-02-06,East,Consumer,Technology,Phones,3973.51,10,1073.23,United States,Philadelphia
2024-08-12,East,Corporate,Office Supplies,Paper,3458.96,7,1402.55,United States,Chicago
2024-09-09,South,Consumer,Office Supplies,Storage,3010.28,7,1048.71,United States,Los Angeles
2024-01-14,East,Consumer,Office Supplies,Paper,4811.46,10,798.11,United States,Los Angeles
2024-05-17,East,Consumer,Furniture,Bookcases,2378.98,8,1357.32,United States,San Diego
2024-08-11,South,Consumer,Furniture,Bookcases,2376.55,7,366.62,United States,Los Angeles
2024-03-23,Central,Corporate,Office Supplies,Binders,3483.68,5,926.39,United States,New York
2024-01-19,South,Consumer,Technology,Laptops,1606.86,6,-2.93,United States,Chicago
2024-01-01,South,Corporate,Technology,Laptops,318.31,9,415.02,United States,Philadelphia
2024-08-14,East,Consumer,Technology,Laptops,1371.93,3,1377.04,United States,Houston
2024-09-05,East,Consumer,Technology,Laptops,4867.08,10,1158.83,United States,Houston
2024-06-08,East,Home Office,Office Supplies,Binders,2069.55,4,1486.84,United States,San Diego
2024-03-01,West,Corporate,Furniture,Tables,4666.63,5,665.08,United States,San Diego
2024-09-04,South,Consumer,Technology,Accessories,2311.09,3,452.1,United States,Dallas
2024-03-10,East,Corporate,Office Supplies,Storage,3874.74,7,377.79,United States,San Jose
2024-01-02,Central,Home Office,Office Supplies,Paper,1527.85,10,785.87,United States,Houston
2024-03-17,South,Home Office,Office Supplies,Paper,2447.49,6,738.26,United States,San Antonio
2024-08-21,Central,Consumer,Office Supplies,Paper,4904.83,4,772.06,United States,San Antonio
2024-01-23,Central,Home Office,Furniture,Tables,2391.23,7,456.33,United States,San Diego
2024-03-18,South,Consumer,Office Supplies,Storage,674.92,10,364.39,United States,San Antonio
2024-02-21,South,Consumer,Furniture,Tables,3626.1,7,1280.59,United States,San Diego
2024-08-28,Central,Corporate,Furniture,Chairs,3135.13,7,904.72,United States,Los Angeles
2024-09-30,South,Corporate,Technology,Laptops,3152.66,8,1283.05,United States,Chicago
2024-02-05,West,Home Office,Furniture,Bookcases,3437.78,5,1495.62,United States,Houston
2024-08-10,East,Home Office,Office Supplies,Binders,3534.26,2,554.25,United States,New York
2024-01-15,East,Corporate,Office Supplies,Paper,3990.91,5,409.39,United States,Chicago
2024-05-05,South,Home Office,Technology,Phones,3424.91,3,88.97,United States,Dallas
2024-07-14,West,Corporate,Furniture,Bookcases,4568.5,3,194.72,United States,Los Angeles
2024-08-23,Central,Home Office,Office Supplies,Paper,96.52,8,1332.06,United States,Houston
2024-03-21,East,Corporate,Office Supplies,Storage,4728.92,10,308.56,United States,San Jose
2024-05-08,South,Corporate,Technology,Laptops,1036.12,7,1250.67,United States,Los Angeles
2024-07-14,Central,Home Office,Furniture,Chairs,1514.57,5,-162.7,United States,Dallas
2024-05-20,East,Home Office,Office Supplies,Paper,4332.08,1,1348.05,United States,Phoenix
2024-05-26,West,Home Office,Office Supplies,Paper,4019.56,4,882.25,United States,Chicago
2024-12-13,West,Home Office,Office Supplies,Paper,530.96,1,325.19,United States,Dallas
2024-10-23,Central,Home Office,Technology,Phones,700.49,5,355.42,United States,San Antonio
2024-04-12,West,Home Office,Technology,Phones,4388.48,6,702.45,United States,Dallas
2024-05-11,South,Corporate,Technology,Phones,3745.47,6,1167.2,United States,San Diego
2024-03-13,West,Home Office,Technology,Phones,3634.87,7,1444.36,United States,New York
2024-02-16,South,Consumer,Office Supplies,Paper,1359.07,2,573.14,United States,Phoenix
2024-12-10,Central,Home Office,Office Supplies,Storage,1936.08,6,-15.81,United States,Los Angeles
2024-01-13,Central,Home Office,Furniture,Tables,1145.77,2,880.19,United States,San Jose
2024-06-03,South,Consumer,Technology,Laptops,741.9,1,317.42,United States,San Jose
2024-02-19,West,Home Office,Technology,Phones,721.54,8,430.72,United States,Houston
2024-10-03,South,Home Office,Office Supplies,Storage,3724.23,3,1305.2,United States,Philadelphia
2024-09-07,South,Corporate,Office Supplies,Binders,211.95,6,169.36,United States,Los Angeles
2024-07-04,East,Home Office,Technology,Phones,1868.31,6,-97.06,United States,Dallas
2024-03-03,South,Consumer,Technology,Phones,3330.71,10,1450.86,United States,San Antonio
2024-05-04,West,Home Office,Furniture,Tables,1065.77,9,152.17,United States,Chicago
2024-06-17,West,Home Office,Furniture,Chairs,64.04,3,1478.8,United States,Phoenix
2024-03-30,East,Home Office,Office Supplies,Paper,4338.92,3,-174.74,United States,Houston
2024-06-14,East,Consumer,Furniture,Bookcases,1363.57,3,1060.92,United States,San Diego
2024-02-02,South,Corporate,Office Supplies,Binders,3901.18,9,809.23,United States,San Diego
2024-04-23,East,Home Office,Technology,Laptops,3926.97,9,312.77,United States,San Antonio
2024-02-01,South,Corporate,Office Supplies,Binders,2160.05,2,633.46,United States,Los Angeles
2024-02-11,Central,Home Office,Technology,Phones,784.25,3,267.53,United States,Los Angeles
2024-10-07,Central,Corporate,Office Supplies,Storage,4973.41,9,301.33,United States,Philadelphia
2024-08-08,East,Home Office,Office Supplies,Storage,616.35,9,1025.43,United States,Chicago
2024-08-19,West,Corporate,Furniture,Tables,1727.71,8,477.84,United States,Dallas
2024-06-09,South,Corporate,Office Supplies,Binders,3342.28,6,1421.11,United States,Phoenix
2024-02-04,East,Consumer,Office Supplies,Paper,511.49,2,1065.8,United States,San Antonio
2024-10-11,East,Home Office,Technology,Phones,4785.29,9,360.4,United States,San Jose
2024-06-30,South,Home Office,Furniture,Tables,304.66,5,820.7,United States,Dallas
2024-10-22,West,Consumer,Technology,Phones,3300.84,4,1240.37,United States,Chicago
2024-07-07,East,Corporate,Technology,Laptops,2891.8,7,1236.76,United States,New York
2024-12-11,East,Home Office,Office Supplies,Storage,4648.97,5,-150.78,United States,Phoenix
2024-06-07,Central,Corporate,Technology,Laptops,80.22,3,762.75,United States,Philadelphia
2024-03-13,East,Consumer,Technology,Phones,3743.25,4,439.53,United States,San Diego
2024-03-21,Central,Corporate,Technology,Accessories,3621.9,10,813.58,United States,Phoenix
2024-03-21,East,Home Office,Furniture,Chairs,453.83,8,925.3,United States,Dallas
2024-08-14,South,Corporate,Technology,Laptops,1117.07,9,-6.51,United States,New York
2024-05-25,South,Home Office,Technology,Phones,3352.31,1,174.88,United States,Chicago
2024-01-04,West,Corporate,Office Supplies,Binders,4729.35,3,1099.07,United States,Houston
2024-03-02,East,Corporate,Technology,Accessories,3747.72,3,19.62,United States,New York
2024-04-27,Central,Consumer,Office Supplies,Storage,2015.5,1,541.57,United States,Philadelphia
2024-06-09,South,Home Office,Technology,Phones,2051.89,7,292.18,United States,Philadelphia
2024-06-15,West,Home Office,Technology,Phones,2327.48,6,-50.18,United States,Houston
2024-08-11,South,Home Office,Furniture,Chairs,439.3,5,1067.87,United States,Chicago
2024-03-27,East,Home Office,Furniture,Tables,3184.46,9,666.92,United States,San Antonio
2024-11-26,West,Consumer,Technology,Accessories,558.88,5,135.36,United States,Dallas
2024-12-01,East,Consumer,Office Supplies,Binders,4758.9,8,588.72,United States,San Diego
2024-08-17,Central,Home Office,Office Supplies,Storage,1614.89,8,-83.91,United States,Los Angeles
2024-06-04,Central,Home Office,Technology,Laptops,328.05,9,-73.88,United States,Philadelphia
2024-01-20,East,Corporate,Technology,Accessories,4166.9,2,895.93,United States,New York
2024-10-31,South,Corporate,Furniture,Bookcases,2922.63,1,564.55,United States,Philadelphia
2024-04-06,Central,Home Office,Office Supplies,Storage,2404.36,3,1428.13,United States,San Diego
2024-06-24,East,Home Office,Technology,Phones,3248.33,1,221.16,United States,Houston
2024-09-25,West,Corporate,Technology,Accessories,1895.62,5,458.61,United States,New York
2024-11-02,East,Home Office,Technology,Laptops,3254.16,2,360.47,United States,Phoenix
2024-07-16,Central,Corporate,Office Supplies,Storage,3632.48,10,1284.58,United States,San Diego
2024-10-25,West,Corporate,Technology,Phones,1585.65,7,19.22,United States,San Diego
2024-06-07,South,Home Office,Office Supplies,Binders,3968.73,3,939.2,United States,New York
2024-09-26,East,Home Office,Office Supplies,Storage,3368.76,9,415.11,United States,Dallas
2024-04-02,West,Corporate,Technology,Accessories,4740.96,8,126.41,United States,San Jose
2024-02-09,Central,Consumer,Furniture,Chairs,2563.06,9,1219.7,United States,Chicago
2024-12-04,Central,Home Office,Office Supplies,Binders,698.69,7,62.23,United States,Dallas
2024-11-15,West,Home Office,Furniture,Bookcases,2216.48,7,419.31,United States,San Diego
2024-08-15,Central,Home Office,Office Supplies,Binders,3929.81,4,707.82,United States,Philadelphia
2024-04-09,Central,Home Office,Technology,Accessories,4738.29,8,584.86,United States,San Antonio
2024-09-14,South,Consumer,Technology,Accessories,4093.61,10,35.28,United States,San Diego
2024-11-24,South,Corporate,Technology,Phones,2794.98,2,1009.38,United States,San Antonio
2024-05-25,East,Consumer,Office Supplies,Binders,1400.32,9,50.49,United States,San Jose
2024-04-23,South,Corporate,Technology,Phones,4655.84,7,-109.46,United States,San Jose
2024-04-30,South,Consumer,Office Supplies,Paper,1905.82,1,341.76,United States,San Diego
2024-11-28,Central,Consumer,Furniture,Bookcases,731.12,5,1359.57,United States,San Antonio
2024-03-12,South,Corporate,Technology,Laptops,3095.97,2,-167.69,United States,Phoenix
2024-10-07,South,Consumer,Furniture,Chairs,3892.05,4,311.96,United States,Philadelphia
2024-08-02,South,Consumer,Furniture,Chairs,598.75,8,814.46,United States,Chicago
2024-09-20,West,Home Office,Furniture,Bookcases,760.71,7,-197.34,United States,Houston
2024-10-19,South,Consumer,Technology,Phones,3338.64,2,689.92,United States,San Diego
2024-09-26,East,Corporate,Technology,Phones,4372.99,1,880.64,United States,New York
2024-01-09,Central,Consumer,Technology,Accessories,1756.77,2,1111.55,United States,Houston
2024-03-09,East,Corporate,Office Supplies,Paper,2752.77,3,1211.65,United States,Philadelphia
2024-12-22,South,Home Office,Office Supplies,Paper,952.28,3,-92.73,United States,Chicago
2024-05-30,West,Consumer,Technology,Phones,3965.99,1,336.51,United States,Dallas
2024-07-22,South,Corporate,Technology,Laptops,231.27,4,286.39,United States,San Antonio
2024-06-18,Central,Consumer,Furniture,Bookcases,4006.74,7,1312.13,United States,San Diego
2024-07-16,Central,Consumer,Office Supplies,Paper,2506.21,8,424.49,United States,Chicago
2024-02-12,South,Consumer,Office Supplies,Paper,2181.51,3,727.31,United States,Houston
2024-02-10,Central,Home Office,Technology,Phones,1513.42,8,824.46,United States,San Antonio
2024-12-19,South,Corporate,Technology,Phones,2263.29,6,845.25,United States,San Diego
2024-11-23,East,Consumer,Technology,Accessories,3372.36,7,417.63,United States,San Jose
2024-03-22,East,Consumer,Office Supplies,Storage,4250.91,8,-140.84,United States,San Jose
2024-11-26,Central,Corporate,Furniture,Chairs,1945.13,10,-144.94,United States,Dallas
2024-08-18,Central,Corporate,Furniture,Bookcases,2247.5,2,775.67,United States,Houston
2024-07-22,Central,Home Office,Office Supplies,Paper,1429.51,2,-155.95,United States,New York
2024-09-22,South,Home Office,Furniture,Tables,632.92,5,996.86,United States,New York
2024-05-26,South,Consumer,Furniture,Bookcases,657.06,2,568.47,United States,San Antonio
2024-02-14,Central,Home Office,Office Supplies,Paper,1769.76,2,735.0,United States,Phoenix
2024-03-21,West,Corporate,Technology,Accessories,2568.34,2,1474.73,United States,Houston
2024-09-09,East,Corporate,Furniture,Chairs,2792.41,6,594.59,United States,Phoenix
2024-11-09,East,Consumer,Office Supplies,Binders,1580.99,8,693.68,United States,Chicago
2024-02-07,West,Corporate,Technology,Laptops,3229.58,8,591.92,United States,Philadelphia
2024-03-06,West,Consumer,Office Supplies,Paper,2191.46,1,1213.36,United States,Houston
2024-06-04,West,Consumer,Office Supplies,Binders,1647.17,4,388.24,United States,San Diego
2024-02-10,Central,Consumer,Office Supplies,Paper,3193.53,9,266.57,United States,Chicago
2024-11-10,East,Home Office,Office Supplies,Paper,3222.89,10,1400.73,United States,Los Angeles
2024-12-03,Central,Home Office,Furniture,Chairs,253.91,1,-61.92,United States,Chicago
2024-05-15,West,Home Office,Office Supplies,Storage,2112.1,1,646.66,United States,Los Angeles
2024-05-28,Central,Corporate,Office Supplies,Storage,1262.15,7,305.64,United States,Los Angeles
2024-01-31,West,Corporate,Furniture,Bookcases,2107.33,8,146.84,United States,San Jose
2024-06-09,Central,Home Office,Office Supplies,Binders,4940.72,6,1458.14,United States,Houston
2024-09-20,East,Corporate,Furniture,Tables,1246.6,2,254.7,United States,Phoenix
2024-02-19,East,Corporate,Furniture,Chairs,4729.66,10,510.83,United States,Dallas
2024-10-22,Central,Consumer,Furniture,Tables,3827.45,8,1493.15,United States,Philadelphia
2024-06-06,South,Consumer,Technology,Accessories,495.74,7,659.26,United States,Phoenix
2024-10-25,Central,Consumer,Furniture,Chairs,300.18,8,815.78,United States,Philadelphia
2024-08-28,Central,Home Office,Office Supplies,Storage,90.48,2,532.58,United States,Chicago
2024-07-06,South,Corporate,Technology,Laptops,273.95,1,769.48,United States,San Antonio
2024-10-10,Central,Consumer,Furniture,Tables,1962.43,8,1099.49,United States,San Antonio
2024-12-14,East,Consumer,Technology,Laptops,4876.66,7,434.44,United States,Philadelphia
2024-07-06,West,Consumer,Technology,Laptops,3032.19,7,650.13,United States,Philadelphia
2024-03-11,Central,Corporate,Furniture,Chairs,2620.7,3,830.64,United States,New York
2024-06-16,Central,Consumer,Office Supplies,Binders,1995.13,10,1056.84,United States,Dallas
2024-06-21,South,Home Office,Technology,Laptops,2836.48,8,1186.77,United States,Chicago
2024-12-10,East,Corporate,Technology,Accessories,2939.33,1,814.75,United States,San Antonio
2024-10-23,West,Home Office,Technology,Laptops,304.21,8,89.87,United States,New York
2024-11-13,South,Consumer,Office Supplies,Storage,4117.22,4,-146.33,United States,Dallas
2024-04-07,East,Corporate,Office Supplies,Binders,1602.78,3,502.03,United States,Phoenix
2024-09-13,South,Home Office,Furniture,Tables,3650.64,3,681.76,United States,Los Angeles
2024-12-05,South,Home Office,Office Supplies,Paper,1915.28,3,581.43,United States,New York
2024-10-06,Central,Home Office,Office Supplies,Paper,3871.35,5,837.13,United States,Houston
2024-05-22,Central,Consumer,Furniture,Chairs,4710.35,5,1111.0,United States,San Diego
2024-12-19,South,Corporate,Office Supplies,Binders,2425.03,9,1387.29,United States,Philadelphia
2024-05-27,East,Home Office,Office Supplies,Paper,3399.28,7,1322.79,United States,Los Angeles
2024-03-15,Central,Consumer,Technology,Accessories,1473.77,2,388.82,United States,New York
2024-05-11,South,Consumer,Technology,Laptops,1050.24,9,260.93,United States,New York
2024-05-19,West,Consumer,Office Supplies,Storage,3097.6,10,206.78,United States,Chicago
2024-09-28,West,Home Office,Furniture,Bookcases,1202.54,2,502.61,United States,San Antonio
2024-02-21,West,Consumer,Office Supplies,Paper,4824.37,3,491.74,United States,Los Angeles
2024-11-29,West,Corporate,Technology,Accessories,1639.78,1,1343.49,United States,Philadelphia
2024-10-20,West,Home Office,Furniture,Bookcases,3706.5,1,1352.49,United States,New York
2024-03-31,East,Corporate,Furniture,Tables,3950.41,3,1392.23,United States,San Antonio
2024-01-05,Central,Home Office,Technology,Phones,3033.78,6,283.75,United States,Dallas
2024-09-25,South,Consumer,Office Supplies,Storage,4262.75,8,263.82,United States,Los Angeles
2024-03-24,South,Home Office,Furniture,Tables,1323.46,3,-176.06,United States,San Jose
2024-10-17,West,Consumer,Technology,Accessories,3074.22,7,1205.88,United States,Philadelphia
2024-02-14,South,Home Office,Office Supplies,Paper,522.16,3,611.67,United States,Chicago
2024-05-13,South,Consumer,Furniture,Chairs,2261.34,5,1421.86,United States,San Antonio
2024-10-20,East,Corporate,Technology,Laptops,3285.73,4,-94.39,United States,Houston
2024-06-06,West,Corporate,Furniture,Tables,3446.06,5,973.49,United States,San Jose
2024-07-07,West,Consumer,Office Supplies,Paper,4788.93,8,60.42,United States,Phoenix
2024-07-10,South,Home Office,Office Supplies,Storage,2768.71,8,1087.5,United States,San Jose
2024-05-06,East,Home Office,Office Supplies,Binders,2261.4,6,-67.23,United States,New York
2024-02-01,West,Home Office,Office Supplies,Binders,2706.47,3,357.8,United States,Los Angeles
2024-02-29,West,Home Office,Office Supplies,Paper,2936.58,2,1328.11,United States,San Diego
2024-08-20,West,Home Office,Technology,Phones,2106.35,10,-101.85,United States,Los Angeles
2024-06-06,East,Corporate,Technology,Laptops,1309.56,1,1067.87,United States,Phoenix
2024-01-24,South,Corporate,Office Supplies,Binders,3516.91,9,1490.01,United States,Los Angeles
2024-01-17,Central,Corporate,Furniture,Tables,940.91,3,1101.91,United States,Los Angeles
2024-08-03,Central,Corporate,Office Supplies,Storage,2270.26,7,438.6,United States,San Diego
2024-10-03,West,Home Office,Office Supplies,Storage,4308.42,2,103.41,United States,Los Angeles
2024-09-27,West,Home Office,Office Supplies,Paper,4894.69,1,1085.51,United States,San Antonio
2024-12-10,South,Home Office,Technology,Accessories,1927.42,4,220.77,United States,Philadelphia
2024-05-21,West,Home Office,Technology,Phones,3839.18,1,1176.11,United States,Houston
2024-01-09,West,Consumer,Technology,Laptops,383.09,10,-142.92,United States,San Jose
2024-12-26,East,Consumer,Office Supplies,Storage,3715.68,7,546.24,United States,Philadelphia
2024-01-29,West,Home Office,Office Supplies,Binders,4967.74,4,1186.84,United States,San Diego
2024-06-12,Central,Consumer,Office Supplies,Storage,1543.73,3,1475.68,United States,Philadelphia
2024-07-30,Central,Corporate,Office Supplies,Binders,351.74,10,1295.51,United States,Philadelphia
2024-12-13,South,Home Office,Furniture,Bookcases,2503.32,6,1400.7,United States,Dallas
2024-09-25,Central,Home Office,Office Supplies,Paper,2110.81,3,309.81,United States,Houston
2024-08-30,West,Consumer,Furniture,Bookcases,1538.65,3,1169.82,United States,Philadelphia
2024-07-30,South,Home Office,Furniture,Bookcases,2673.46,7,212.86,United States,New York
2024-11-27,East,Corporate,Furniture,Tables,4243.31,2,710.58,United States,Houston
2024-05-17,South,Home Office,Furniture,Chairs,3044.6,1,1285.15,United States,Chicago
2024-12-09,West,Corporate,Furniture,Bookcases,1084.0,6,315.42,United States,San Diego
2024-04-07,East,Home Office,Furniture,Chairs,4997.88,8,1354.55,United States,San Jose
2024-12-26,West,Corporate,Office Supplies,Storage,4579.88,9,346.75,United States,San Diego
2024-08-26,Central,Corporate,Technology,Accessories,1344.73,9,1300.78,United States,Chicago
2024-08-28,Central,Consumer,Technology,Phones,1884.99,7,-122.28,United States,New York
2024-03-15,East,Corporate,Furniture,Bookcases,2788.89,10,784.54,United States,Phoenix
2024-03-19,West,Corporate,Technology,Accessories,1188.59,10,1216.72,United States,Philadelphia
2024-12-01,Central,Corporate,Technology,Laptops,3828.64,8,1443.06,United States,Houston
2024-09-08,South,Consumer,Office Supplies,Storage,3677.22,6,87.75,United States,New York
2024-09-07,West,Home Office,Office Supplies,Storage,4952.1,1,690.71,United States,Los Angeles
2024-01-25,East,Corporate,Furniture,Bookcases,730.58,4,-84.45,United States,Philadelphia
2024-04-21,South,Corporate,Furniture,Chairs,349.23,10,1351.68,United States,San Antonio
2024-01-09,East,Home Office,Office Supplies,Paper,2780.64,1,-171.57,United States,Houston
2024-10-01,Central,Consumer,Office Supplies,Paper,2535.97,7,1170.49,United States,Phoenix
2024-02-19,West,Consumer,Furniture,Chairs,1000.06,9,229.11,United States,Phoenix
2024-07-22,East,Corporate,Technology,Accessories,4798.52,8,760.5,United States,Chicago
2024-06-02,East,Home Office,Office Supplies,Binders,4958.79,1,-41.05,United States,Dallas
2024-10-09,South,Consumer,Technology,Accessories,3201.9,3,-59.43,United States,Los Angeles
2024-06-18,East,Home Office,Technology,Laptops,4599.8,4,159.41,United States,New York
2024-08-31,Central,Consumer,Office Supplies,Storage,4624.59,5,1328.83,United States,Chicago
2024-01-17,West,Corporate,Office Supplies,Storage,127.51,4,797.96,United States,Houston
2024-02-09,Central,Consumer,Office Supplies,Paper,2841.59,10,1218.91,United States,Chicago
2024-10-03,Central,Corporate,Technology,Laptops,3790.27,3,1143.85,United States,San Diego
2024-02-10,Central,Consumer,Office Supplies,Storage,533.54,4,1225.75,United States,Philadelphia
2024-11-10,South,Corporate,Technology,Laptops,196.65,5,1132.03,United States,New York
2024-04-26,Central,Home Office,Technology,Accessories,4708.66,7,115.75,United States,Chicago
2024-07-13,East,Home Office,Office Supplies,Storage,1512.13,4,1012.28,United States,Phoenix
2024-03-19,South,Home Office,Furniture,Tables,3930.26,3,1057.41,United States,Houston
2024-02-24,East,Consumer,Technology,Accessories,4717.65,8,411.86,United States,Phoenix
2024-03-08,East,Consumer,Technology,Phones,2183.35,9,743.06,United States,New York
2024-01-14,East,Corporate,Technology,Phones,2793.39,10,816.67,United States,San Antonio
2024-01-07,Central,Corporate,Technology,Accessories,1969.61,2,1032.23,United States,Houston
2024-10-19,West,Home Office,Office Supplies,Binders,1934.62,3,257.16,United States,San Jose
2024-03-15,East,Consumer,Technology,Accessories,2201.65,7,309.58,United States,San Diego
2024-05-08,West,Home Office,Furniture,Tables,3143.92,10,848.34,United States,Phoenix
2024-03-10,Central,Consumer,Technology,Phones,4746.68,6,1230.74,United States,Chicago
2024-08-13,Central,Corporate,Technology,Accessories,4086.6,10,31.41,United States,Phoenix
2024-12-21,West,Corporate,Technology,Laptops,1605.21,7,1446.83,United States,Dallas
2024-12-21,South,Home Office,Technology,Laptops,3920.77,6,439.29,United States,San Diego
2024-02-28,West,Home Office,Technology,Accessories,4986.46,3,958.91,United States,Los Angeles
2024-08-24,West,Corporate,Office Supplies,Binders,3998.54,2,1192.24,United States,San Antonio
2024-09-12,West,Home Office,Technology,Laptops,1549.02,5,919.73,United States,San Diego
2024-07-12,East,Corporate,Office Supplies,Paper,4953.97,8,789.81,United States,New York
2024-12-20,South,Home Office,Office Supplies,Storage,231.99,6,992.78,United States,Houston
2024-11-22,East,Consumer,Office Supplies,Storage,3856.32,6,82.78,United States,Houston
2024-10-15,South,Corporate,Office Supplies,Binders,4830.3,7,-19.89,United States,Los Angeles
2024-04-23,West,Corporate,Furniture,Tables,1901.89,8,1112.98,United States,New York
2024-09-13,West,Corporate,Office Supplies,Storage,4988.63,8,-22.27,United States,Dallas
2024-02-29,West,Corporate,Technology,Phones,1593.86,8,1133.26,United States,San Diego
2024-06-27,South,Consumer,Office Supplies,Paper,2218.92,8,342.15,United States,Philadelphia
2024-12-29,East,Consumer,Technology,Phones,4253.44,2,951.14,United States,San Diego
2024-05-04,West,Home Office,Furniture,Bookcases,842.67,9,524.83,United States,San Diego
2024-07-26,West,Consumer,Technology,Phones,3220.37,7,472.49,United States,Houston
2024-04-11,South,Home Office,Office Supplies,Storage,2176.29,1,998.05,United States,Chicago
2024-12-26,East,Home Office,Furniture,Tables,553.67,9,117.83,United States,Los Angeles
2024-08-22,East,Corporate,Technology,Phones,3369.97,8,697.12,United States,San Antonio
2024-11-01,South,Home Office,Office Supplies,Paper,1993.09,2,391.47,United States,Phoenix
2024-03-29,Central,Home Office,Technology,Laptops,2971.33,3,332.42,United States,Houston
2024-02-29,West,Corporate,Furniture,Tables,3482.51,9,460.39,United States,Houston
2024-10-21,South,Corporate,Office Supplies,Binders,969.48,9,978.84,United States,Phoenix
2024-10-11,West,Corporate,Office Supplies,Binders,1479.73,3,334.79,United States,Houston
2024-01-28,Central,Consumer,Technology,Laptops,2448.81,4,1185.87,United States,Philadelphia
2024-11-30,South,Corporate,Office Supplies,Storage,3439.25,7,1007.24,United States,San Diego
2024-03-26,East,Home Office,Technology,Accessories,202.76,4,296.55,United States,San Antonio
2024-10-02,Central,Consumer,Technology,Phones,3914.66,10,1062.28,United States,San Jose
2024-09-18,East,Home Office,Technology,Laptops,615.32,9,1199.58,United States,Dallas
2024-01-22,South,Home Office,Technology,Laptops,1131.78,7,-25.89,United States,Phoenix
2024-06-01,East,Corporate,Office Supplies,Binders,1350.94,2,546.42,United States,Dallas
2024-04-17,Central,Home Office,Furniture,Chairs,3070.8,7,82.17,United States,Phoenix
2024-04-15,East,Home Office,Furniture,Chairs,1786.54,5,814.66,United States,Dallas
2024-12-26,Central,Corporate,Furniture,Tables,2885.04,9,1475.33,United States,Dallas
2024-03-10,South,Consumer,Office Supplies,Binders,4962.81,3,992.43,United States,Houston
2024-03-15,Central,Consumer,Furniture,Chairs,3819.29,7,632.08,United States,New York
2024-05-17,South,Corporate,Office Supplies,Storage,2287.36,2,484.85,United States,Dallas
2024-12-21,Central,Corporate,Office Supplies,Paper,4753.76,6,789.32,United States,Dallas
2024-08-22,Central,Consumer,Office Supplies,Binders,3988.61,7,170.31,United States,New York
2024-09-10,Central,Corporate,Technology,Phones,4150.3,6,730.43,United States,Houston
2024-09-05,Central,Home Office,Furniture,Bookcases,3823.16,1,-30.72,United States,San Jose
2024-03-04,West,Corporate,Technology,Phones,2309.76,7,143.94,United States,Los Angeles
2024-11-28,Central,Consumer,Office Supplies,Binders,4378.4,5,-41.32,United States,New York
2024-02-12,Central,Home Office,Technology,Accessories,4523.81,3,-111.96,United States,San Antonio
2024-12-24,West,Corporate,Office Supplies,Paper,3294.65,2,-198.15,United States,Philadelphia
2024-03-08,West,Home Office,Technology,Phones,3415.91,1,-186.29,United States,Chicago
2024-08-04,West,Corporate,Technology,Phones,400.6,7,-48.14,United States,Los Angeles
2024-06-09,Central,Corporate,Furniture,Chairs,728.79,3,890.68,United States,Houston
2024-02-05,East,Home Office,Office Supplies,Binders,3267.6,8,397.02,United States,Los Angeles
2024-03-18,South,Home Office,Furniture,Bookcases,3448.5,4,-52.63,United States,Philadelphia
2024-03-04,South,Corporate,Furniture,Chairs,4818.08,6,1144.83,United States,Dallas
2024-11-26,East,Consumer,Furniture,Tables,2789.31,10,1026.01,United States,Chicago
2024-01-14,Central,Consumer,Technology,Laptops,2612.86,9,120.7,United States,San Antonio
2024-11-26,East,Consumer,Technology,Accessories,2499.69,2,209.84,United States,Dallas
2024-02-06,East,Corporate,Office Supplies,Storage,4672.93,3,457.63,United States,Dallas
2024-07-06,West,Corporate,Office Supplies,Paper,4774.54,2,-171.63,United States,San Jose
2024-05-14,West,Consumer,Furniture,Chairs,4616.77,7,661.24,United States,San Antonio
2024-09-13,South,Corporate,Office Supplies,Storage,3523.96,2,888.91,United States,Houston
2024-03-19,Central,Consumer,Office Supplies,Storage,1584.04,9,1365.57,United States,San Antonio
2024-06-16,South,Home Office,Furniture,Bookcases,3189.76,2,327.29,United States,Philadelphia
2024-05-02,East,Consumer,Technology,Laptops,476.75,7,-2.82,United States,Phoenix
2024-01-29,Central,Home Office,Office Supplies,Storage,3721.38,3,3.05,United States,Houston
2024-12-25,East,Consumer,Office Supplies,Binders,2507.24,6,689.11,United States,Philadelphia
2024-03-26,Central,Consumer,Office Supplies,Paper,3761.39,5,1045.99,United States,San Diego
2024-06-20,South,Corporate,Furniture,Chairs,2643.08,5,1010.95,United States,Chicago
2024-02-09,South,Corporate,Office Supplies,Storage,2578.37,1,649.34,United States,Phoenix
2024-07-07,West,Corporate,Office Supplies,Binders,3877.98,10,946.0,United States,Houston
2024-09-17,East,Consumer,Furniture,Chairs,4300.51,1,215.74,United States,New York
2024-07-15,West,Consumer,Technology,Accessories,4659.24,1,739.87,United States,San Diego
2024-12-01,South,Consumer,Office Supplies,Storage,1642.92,7,1356.95,United States,Philadelphia
2024-02-09,Central,Consumer,Technology,Accessories,2535.1,1,104.89,United States,Dallas
2024-07-24,East,Corporate,Office Supplies,Binders,4336.86,5,356.41,United States,Houston
2024-01-05,Central,Consumer,Office Supplies,Paper,1493.4,5,1057.28,United States,Philadelphia
2024-07-07,South,Consumer,Furniture,Tables,3675.69,9,1092.82,United States,Dallas
2024-01-04,South,Consumer,Furniture,Chairs,1203.34,6,881.1,United States,San Jose
2024-06-20,East,Home Office,Office Supplies,Binders,1912.56,5,-23.29,United States,Los Angeles
2024-08-02,South,Consumer,Office Supplies,Binders,4864.17,3,1009.81,United States,Chicago
2024-04-28,South,Home Office,Furniture,Chairs,4483.11,8,1456.74,United States,Chicago
2024-02-18,West,Home Office,Furniture,Bookcases,4108.82,2,806.22,United States,Los Angeles
2024-12-05,West,Consumer,Furniture,Tables,1493.8,6,1374.27,United States,Dallas
2024-06-16,Central,Corporate,Technology,Laptops,1396.18,2,1404.04,United States,San Diego
2024-02-25,West,Consumer,Furniture,Bookcases,863.66,8,333.86,United States,New York
2024-07-02,West,Corporate,Furniture,Bookcases,1576.12,5,1249.22,United States,Houston
2024-12-17,Central,Home Office,Furniture,Chairs,3499.55,1,165.54,United States,Phoenix
2024-02-16,West,Corporate,Technology,Phones,2011.41,1,951.21,United States,San Diego
2024-01-16,South,Corporate,Technology,Phones,2801.97,9,224.75,United States,San Antonio
2024-03-12,East,Consumer,Technology,Phones,355.26,4,22.22,United States,Dallas
2024-12-17,East,Home Office,Technology,Accessories,2951.29,2,-162.94,United States,Chicago
2024-11-26,South,Consumer,Furniture,Chairs,505.29,6,8.3,United States,Los Angeles
2024-03-27,South,Home Office,Technology,Phones,2005.24,1,450.64,United States,Phoenix
2024-06-30,West,Consumer,Technology,Phones,1411.16,8,1301.82,United States,Chicago
2024-11-13,West,Home Office,Furniture,Bookcases,1510.77,7,1300.72,United States,Philadelphia
2024-02-14,Central,Corporate,Technology,Phones,729.32,4,892.51,United States,Dallas
2024-11-18,East,Corporate,Office Supplies,Binders,3920.48,6,615.46,United States,Chicago
2024-10-16,Central,Corporate,Technology,Accessories,1388.66,1,342.09,United States,Phoenix
2024-05-23,East,Corporate,Furniture,Chairs,2670.69,10,1499.33,United States,San Jose
2024-05-06,West,Corporate,Furniture,Chairs,2691.76,1,1098.88,United States,San Jose
2024-07-17,Central,Consumer,Furniture,Bookcases,921.7,10,340.61,United States,Los Angeles
2024-07-02,East,Home Office,Office Supplies,Storage,3517.78,10,758.13,United States,Phoenix
2024-09-09,Central,Consumer,Office Supplies,Binders,2477.66,2,-104.51,United States,Houston
2024-01-11,South,Consumer,Office Supplies,Binders,1692.08,10,142.49,United States,San Jose
2024-03-31,Central,Consumer,Furniture,Tables,158.47,10,997.98,United States,San Diego
2024-09-26,Central,Consumer,Furniture,Chairs,1899.27,7,796.23,United States,Los Angeles
2024-06-14,West,Consumer,Technology,Accessories,3675.14,7,1146.13,United States,Philadelphia
2024-06-11,West,Home Office,Technology,Laptops,4845.28,10,1137.89,United States,Phoenix
2024-10-28,West,Corporate,Furniture,Bookcases,1568.77,5,16.49,United States,Los Angeles
2024-12-25,South,Home Office,Office Supplies,Binders,210.29,10,340.97,United States,Phoenix
2024-11-23,East,Corporate,Office Supplies,Binders,746.18,2,204.59,United States,Chicago
2024-11-21,East,Home Office,Technology,Phones,3366.62,6,559.27,United States,Phoenix
2024-05-07,East,Corporate,Technology,Phones,1320.46,2,1024.7,United States,Philadelphia
2024-08-12,South,Consumer,Furniture,Tables,4428.53,8,1299.01,United States,Chicago
2024-07-11,East,Corporate,Technology,Laptops,3954.21,10,906.65,United States,San Antonio
2024-03-24,South,Consumer,Office Supplies,Binders,4006.01,1,301.34,United States,Houston
2024-02-23,East,Corporate,Technology,Accessories,892.02,7,73.54,United States,Dallas
2024-02-17,Central,Home Office,Furniture,Bookcases,4927.12,8,997.66,United States,San Diego
2024-03-25,South,Consumer,Technology,Laptops,315.1,6,149.44,United States,San Diego
2024-12-22,Central,Home Office,Furniture,Tables,1443.54,4,-36.94,United States,Chicago
2024-10-08,South,Consumer,Technology,Laptops,319.8,1,526.93,United States,San Antonio
2024-11-16,South,Consumer,Technology,Laptops,530.09,4,90.41,United States,Phoenix
2024-08-30,East,Corporate,Technology,Phones,3935.14,8,631.46,United States,Los Angeles
2024-02-16,South,Consumer,Office Supplies,Paper,1886.55,7,427.98,United States,Phoenix
2024-05-14,South,Corporate,Technology,Phones,1353.83,5,759.22,United States,San Diego
2024-12-07,East,Consumer,Furniture,Bookcases,3357.3,9,503.78,United States,San Diego
2024-10-10,East,Corporate,Office Supplies,Binders,4101.11,7,1441.57,United States,Chicago
2024-10-20,West,Corporate,Office Supplies,Paper,1529.32,7,1334.72,United States,Chicago
2024-09-14,West,Consumer,Office Supplies,Binders,4748.81,8,93.89,United States,San Antonio
2024-04-08,West,Consumer,Furniture,Chairs,2145.71,7,143.26,United States,New York
2024-10-31,Central,Corporate,Office Supplies,Binders,4558.48,2,-52.05,United States,Philadelphia
2024-10-09,Central,Corporate,Office Supplies,Paper,2622.46,1,1137.14,United States,Houston
2024-09-24,South,Consumer,Office Supplies,Storage,2101.49,3,763.21,United States,New York
2024-02-24,East,Corporate,Office Supplies,Binders,4344.0,6,1292.42,United States,Houston
2024-12-01,South,Home Office,Technology,Accessories,3064.36,1,92.74,United States,San Diego
2024-11-12,South,Consumer,Technology,Phones,2009.17,6,973.87,United States,San Jose
2024-08-31,Central,Corporate,Furniture,Bookcases,150.15,5,328.61,United States,Dallas
2024-12-16,East,Consumer,Technology,Laptops,715.21,8,1115.85,United States,New York
2024-08-01,East,Consumer,Technology,Accessories,2236.5,7,1059.61,United States,Chicago
2024-01-29,West,Consumer,Office Supplies,Paper,1590.06,9,485.75,United States,Houston
2024-01-15,West,Consumer,Office Supplies,Storage,4382.14,4,1222.86,United States,San Jose
2024-08-21,East,Corporate,Furniture,Chairs,3537.94,5,426.2,United States,Houston
2024-07-22,East,Home Office,Technology,Laptops,201.29,6,630.94,United States,San Jose
2024-08-30,Central,Corporate,Technology,Phones,859.39,5,1073.23,United States,Los Angeles
2024-05-25,East,Corporate,Office Supplies,Binders,295.77,10,1125.71,United States,San Antonio
2024-11-27,West,Home Office,Furniture,Chairs,1073.32,7,672.58,United States,New York
2024-08-30,West,Home Office,Office Supplies,Binders,907.34,1,180.41,United States,San Antonio
2024-12-30,Central,Corporate,Office Supplies,Paper,4482.64,6,580.3,United States,San Diego
2024-06-03,South,Home Office,Furniture,Tables,556.44,9,1499.03,United States,San Antonio
2024-11-27,Central,Corporate,Technology,Laptops,3437.85,8,-91.48,United States,Houston
2024-06-15,Central,Corporate,Technology,Laptops,3297.79,5,120.21,United States,Phoenix
2024-01-30,South,Home Office,Office Supplies,Binders,1631.95,3,1026.18,United States,Dallas
2024-05-31,Central,Corporate,Office Supplies,Paper,2052.76,1,791.14,United States,Dallas
2024-06-24,West,Home Office,Office Supplies,Binders,2696.44,8,1341.1,United States,Dallas
2024-09-16,Central,Consumer,Office Supplies,Paper,4211.16,9,107.93,United States,Los Angeles
2024-03-06,Central,Home Office,Furniture,Tables,4051.3,3,1409.77,United States,Los Angeles
2024-02-15,West,Corporate,Technology,Laptops,1155.47,5,514.8,United States,Philadelphia
2024-05-13,Central,Corporate,Technology,Accessories,4263.51,8,-108.75,United States,Dallas
2024-10-24,East,Corporate,Office Supplies,Storage,4452.66,9,3.69,United States,New York
2024-09-28,Central,Corporate,Office Supplies,Paper,317.61,3,33.52,United States,San Jose
2024-07-28,South,Consumer,Furniture,Tables,1616.1,3,1124.2,United States,San Antonio
2024-11-19,West,Corporate,Technology,Accessories,3190.77,1,568.49,United States,New York
2024-10-22,West,Corporate,Furniture,Chairs,3936.79,2,19.99,United States,San Jose
2024-08-07,South,Corporate,Technology,Laptops,4828.37,7,-192.06,United States,Los Angeles
2024-07-10,East,Corporate,Office Supplies,Binders,3796.4,9,123.98,United States,Chicago
2024-11-16,West,Consumer,Office Supplies,Binders,3482.95,6,330.56,United States,New York
2024-09-14,Central,Consumer,Furniture,Tables,373.17,1,306.94,United States,Houston
2024-09-23,Central,Corporate,Technology,Accessories,4445.47,3,382.65,United States,Chicago
2024-04-06,West,Corporate,Technology,Accessories,144.67,4,1036.19,United States,Los Angeles
2024-01-12,West,Consumer,Furniture,Chairs,1864.63,1,437.83,United States,San Diego
2024-09-30,East,Home Office,Office Supplies,Paper,4973.67,2,911.06,United States,Phoenix
2024-12-19,East,Corporate,Furniture,Chairs,2249.36,2,730.38,United States,Los Angeles
2024-03-19,West,Home Office,Technology,Laptops,3444.41,1,311.9,United States,San Diego
2024-12-05,Central,Home Office,Office Supplies,Binders,3047.89,3,512.0,United States,Houston
2024-11-12,East,Corporate,Furniture,Bookcases,614.36,2,646.16,United States,Houston
2024-05-14,West,Corporate,Office Supplies,Binders,3532.01,5,72.64,United States,San Diego
2024-04-16,South,Corporate,Office Supplies,Paper,1210.8,1,941.78,United States,Chicago
2024-12-08,South,Consumer,Furniture,Bookcases,4749.76,9,-72.42,United States,San Antonio
2024-05-11,West,Corporate,Office Supplies,Binders,4943.9,5,249.01,United States,Houston
2024-03-30,East,Corporate,Furniture,Chairs,1833.06,6,524.19,United States,San Jose
2024-01-24,East,Consumer,Furniture,Chairs,3333.61,3,358.72,United States,Houston
2024-05-17,East,Corporate,Technology,Laptops,4084.07,3,-6.49,United States,San Antonio
2024-05-19,South,Home Office,Technology,Accessories,4260.82,7,903.04,United States,San Diego
2024-03-08,East,Consumer,Furniture,Chairs,563.38,10,620.55,United States,Philadelphia
2024-08-12,West,Home Office,Office Supplies,Storage,1929.77,6,839.31,United States,Houston
2024-03-07,South,Corporate,Office Supplies,Storage,609.04,7,549.17,United States,New York
2024-12-01,Central,Consumer,Furniture,Tables,3537.61,9,1104.8,United States,San Jose
2024-10-16,West,Home Office,Office Supplies,Storage,4372.06,9,689.28,United States,Chicago
2024-02-18,South,Home Office,Office Supplies,Storage,3646.93,8,387.77,United States,Philadelphia
2024-07-16,West,Home Office,Office Supplies,Storage,4465.71,10,-107.24,United States,Dallas
2024-09-15,South,Corporate,Office Supplies,Binders,4353.61,2,1077.43,United States,Los Angeles
2024-06-18,Central,Consumer,Technology,Phones,2559.3,9,893.64,United States,San Antonio
2024-02-10,South,Corporate,Technology,Phones,4016.24,8,-50.37,United States,Philadelphia
2024-06-10,East,Corporate,Technology,Accessories,3738.93,1,-25.51,United States,Chicago
2024-10-12,East,Consumer,Technology,Phones,3969.33,10,883.81,United States,Houston
2024-04-15,South,Corporate,Office Supplies,Storage,1848.55,1,1188.2,United States,Dallas
2024-10-13,South,Home Office,Technology,Accessories,3302.98,8,-6.16,United States,Phoenix
2024-01-02,Central,Corporate,Office Supplies,Binders,4157.93,5,731.07,United States,San Antonio
2024-02-24,East,Consumer,Technology,Laptops,2487.49,7,-18.17,United States,Philadelphia
2024-04-06,East,Corporate,Office Supplies,Binders,1117.17,4,1018.54,United States,Philadelphia
2024-01-24,East,Corporate,Furniture,Tables,2314.07,10,1425.52,United States,Houston
2024-01-03,East,Home Office,Furniture,Tables,4679.78,10,620.98,United States,New York
2024-12-20,West,Home Office,Office Supplies,Binders,4085.46,2,458.59,United States,Chicago
2024-06-13,South,Corporate,Office Supplies,Storage,4898.53,4,265.11,United States,San Antonio
2024-08-19,West,Consumer,Technology,Accessories,2093.09,9,308.15,United States,New York
2024-06-09,West,Consumer,Office Supplies,Storage,1088.08,5,967.24,United States,Phoenix
2024-12-29,West,Home Office,Office Supplies,Binders,2735.33,6,1007.6,United States,Phoenix
2024-09-02,South,Home Office,Technology,Laptops,3751.95,9,286.08,United States,San Jose
2024-09-24,East,Consumer,Technology,Phones,1935.31,1,939.43,United States,New York
2024-03-23,Central,Home Office,Furniture,Tables,1290.28,1,974.01,United States,Dallas
2024-10-04,East,Corporate,Technology,Phones,4079.43,2,847.39,United States,San Jose
2024-10-14,West,Home Office,Office Supplies,Storage,3253.24,7,203.91,United States,Philadelphia
2024-12-20,East,Corporate,Office Supplies,Paper,1968.4,6,1441.92,United States,Phoenix
2024-05-08,West,Home Office,Furniture,Chairs,4350.81,8,1210.97,United States,Los Angeles
2024-12-29,Central,Home Office,Office Supplies,Storage,2755.74,10,134.0,United States,Philadelphia
2024-05-30,South,Consumer,Office Supplies,Binders,4918.09,2,117.86,United States,Philadelphia
2024-09-20,East,Corporate,Furniture,Bookcases,251.14,5,746.22,United States,San Antonio
2024-10-26,Central,Consumer,Furniture,Chairs,1686.29,3,-132.1,United States,Philadelphia
2024-01-27,Central,Corporate,Technology,Laptops,3960.05,9,408.75,United States,Philadelphia
2024-09-26,West,Consumer,Office Supplies,Paper,2627.0,9,70.93,United States,San Jose
2024-07-25,East,Corporate,Office Supplies,Storage,1144.93,4,927.67,United States,Phoenix
2024-05-30,West,Home Office,Technology,Accessories,2675.97,9,1200.27,United States,Phoenix
2024-02-28,Central,Corporate,Office Supplies,Binders,1239.72,10,1361.63,United States,Dallas
2024-12-15,Central,Corporate,Furniture,Chairs,4583.87,2,455.99,United States,San Antonio
2024-05-24,East,Home Office,Office Supplies,Storage,4119.44,6,674.33,United States,San Diego
2024-09-06,East,Corporate,Office Supplies,Paper,4496.49,4,344.53,United States,Philadelphia
2024-03-26,East,Home Office,Furniture,Chairs,374.09,4,1270.42,United States,Phoenix
2024-04-15,South,Home Office,Technology,Phones,4092.93,2,1069.71,United States,San Jose
2024-08-23,Central,Consumer,Furniture,Chairs,483.23,1,102.59,United States,San Antonio
2024-02-06,West,Corporate,Technology,Laptops,2067.78,8,871.37,United States,New York
2024-01-09,South,Home Office,Technology,Accessories,635.61,1,890.42,United States,Los Angeles
2024-10-26,East,Home Office,Office Supplies,Binders,4248.84,6,1377.68,United States,San Jose
2024-12-17,Central,Home Office,Furniture,Tables,478.2,8,448.4,United States,Houston
2024-08-30,West,Home Office,Office Supplies,Binders,1138.34,7,1154.51,United States,San Diego
2024-11-20,West,Corporate,Office Supplies,Paper,3402.58,6,1427.57,United States,Dallas
2024-10-11,West,Consumer,Furniture,Bookcases,256.78,10,814.31,United States,Los Angeles
2024-02-13,Central,Consumer,Office Supplies,Storage,3754.07,6,159.95,United States,New York
2024-03-13,West,Consumer,Office Supplies,Storage,1142.9,5,130.35,United States,Phoenix
2024-10-17,East,Home Office,Furniture,Bookcases,2333.26,9,-75.65,United States,Dallas
2024-05-08,East,Consumer,Office Supplies,Binders,3641.67,8,1417.62,United States,Chicago
2024-12-09,West,Consumer,Technology,Phones,1461.43,2,1330.2,United States,Los Angeles
2024-08-18,Central,Home Office,Technology,Accessories,3314.14,10,59.07,United States,San Antonio
2024-06-10,South,Consumer,Office Supplies,Paper,73.92,4,1135.62,United States,Chicago
2024-11-24,South,Corporate,Office Supplies,Storage,4208.54,3,955.29,United States,Dallas
2024-08-24,South,Corporate,Technology,Accessories,3885.1,8,737.84,United States,New York
2024-11-06,East,Corporate,Furniture,Bookcases,4300.63,3,1315.2,United States,Houston
2024-11-16,East,Home Office,Furniture,Tables,423.23,1,1244.3,United States,Philadelphia
2024-10-24,South,Home Office,Office Supplies,Binders,1103.17,1,737.71,United States,Philadelphia
2024-08-29,West,Corporate,Office Supplies,Storage,1992.87,10,1046.49,United States,Dallas
2024-08-25,East,Corporate,Technology,Phones,1851.13,1,926.55,United States,New York
2024-03-25,West,Corporate,Office Supplies,Storage,838.15,10,1412.81,United States,Philadelphia
2024-09-04,Central,Consumer,Office Supplies,Binders,1133.15,8,193.97,United States,Dallas
2024-04-29,East,Home Office,Technology,Accessories,1073.53,6,459.76,United States,Chicago
2024-01-21,Central,Consumer,Technology,Phones,3533.49,9,877.06,United States,Houston
2024-05-14,West,Corporate,Technology,Laptops,3285.69,6,799.05,United States,San Jose
2024-05-08,South,Consumer,Furniture,Bookcases,2606.04,6,1189.3,United States,Los Angeles
2024-09-03,East,Home Office,Technology,Accessories,4416.07,8,81.53,United States,Chicago
2024-11-25,Central,Consumer,Furniture,Bookcases,793.69,3,415.78,United States,New York
2024-12-04,West,Corporate,Office Supplies,Binders,4065.3,2,618.58,United States,San Antonio
2024-04-17,West,Home Office,Technology,Accessories,4175.16,1,214.24,United States,New York
2024-10-30,West,Consumer,Furniture,Bookcases,3166.23,1,1314.36,United States,Chicago
2024-03-26,Central,Consumer,Furniture,Chairs,2607.37,7,818.91,United States,Phoenix
2024-01-10,Central,Consumer,Office Supplies,Storage,1122.14,10,1487.72,United States,New York
2024-04-22,South,Home Office,Technology,Phones,756.43,10,1194.77,United States,Dallas
2024-12-03,Central,Consumer,Furniture,Bookcases,3634.72,6,1368.0,United States,Chicago
2024-02-05,West,Corporate,Office Supplies,Storage,1958.04,2,-171.84,United States,Chicago
2024-12-16,South,Consumer,Office Supplies,Storage,3047.28,3,608.98,United States,Phoenix
2024-01-20,East,Consumer,Office Supplies,Storage,2437.09,3,1333.37,United States,Chicago
2024-12-13,South,Home Office,Office Supplies,Binders,2132.39,1,985.99,United States,San Diego
2024-09-03,South,Corporate,Technology,Phones,2965.79,10,-33.88,United States,San Antonio
2024-09-01,West,Consumer,Furniture,Tables,1452.17,9,494.7,United States,Philadelphia
2024-12-29,East,Home Office,Furniture,Chairs,2636.58,9,-187.77,United States,San Jose
2024-12-18,Central,Corporate,Office Supplies,Binders,1843.24,3,524.32,United States,San Antonio
2024-05-13,South,Home Office,Office Supplies,Paper,1859.94,5,1486.06,United States,Chicago
2024-07-30,South,Consumer,Technology,Phones,1882.55,9,622.39,United States,Los Angeles
2024-06-25,South,Home Office,Technology,Laptops,733.44,2,1071.28,United States,Dallas
2024-03-23,East,Consumer,Technology,Laptops,2566.3,6,1161.45,United States,Philadelphia
2024-12-16,East,Consumer,Office Supplies,Storage,1976.06,1,1167.43,United States,Los Angeles
2024-11-03,South,Consumer,Furniture,Tables,367.2,4,430.42,United States,San Antonio
2024-07-15,South,Home Office,Office Supplies,Binders,3298.07,5,1009.73,United States,Philadelphia
2024-03-30,South,Corporate,Office Supplies,Binders,103.02,9,286.21,United States,New York
2024-09-18,West,Home Office,Furniture,Bookcases,888.94,1,411.56,United States,Los Angeles
2024-03-21,East,Corporate,Office Supplies,Binders,3909.38,6,938.43,United States,Houston
2024-04-12,East,Home Office,Technology,Laptops,3532.93,2,734.31,United States,Dallas
2024-10-25,Central,Corporate,Office Supplies,Storage,4818.27,5,184.7,United States,Houston
2024-07-25,East,Corporate,Furniture,Tables,916.42,9,-19.01,United States,Dallas
2024-05-30,Central,Consumer,Furniture,Bookcases,4024.56,5,1289.39,United States,Houston
2024-12-21,South,Corporate,Office Supplies,Paper,2837.68,4,1087.7,United States,Phoenix
2024-08-23,East,Corporate,Technology,Laptops,625.53,2,450.54,United States,Los Angeles
2024-12-25,West,Corporate,Furniture,Bookcases,2091.51,6,678.06,United States,San Jose
2024-05-14,West,Corporate,Furniture,Bookcases,510.4,6,-70.75,United States,Phoenix
2024-06-09,Central,Consumer,Furniture,Tables,4476.87,5,110.73,United States,Philadelphia
2024-04-07,South,Home Office,Office Supplies,Storage,1038.35,4,1283.66,United States,Philadelphia
2024-04-13,West,Home Office,Furniture,Chairs,1812.34,2,3.79,United States,Philadelphia
2024-12-05,South,Home Office,Furniture,Bookcases,82.79,9,1428.59,United States,San Jose
2024-11-13,Central,Corporate,Technology,Accessories,4495.7,10,1276.91,United States,New York
2024-09-18,Central,Corporate,Technology,Phones,1149.36,10,18.02,United States,Philadelphia
2024-09-01,East,Home Office,Office Supplies,Paper,1769.08,3,577.23,United States,Los Angeles
2024-09-22,South,Corporate,Furniture,Bookcases,3461.59,1,945.98,United States,Dallas
2024-02-21,Central,Corporate,Technology,Laptops,3083.25,5,118.16,United States,Philadelphia
2024-05-17,South,Home Office,Technology,Phones,1748.33,3,647.91,United States,San Jose
2024-12-24,Central,Corporate,Furniture,Tables,4278.91,5,566.24,United States,New York
2024-10-21,West,Consumer,Office Supplies,Binders,3618.04,4,744.08,United States,Phoenix
2024-03-15,West,Corporate,Technology,Phones,4038.06,3,516.59,United States,Los Angeles
2024-09-21,Central,Corporate,Furniture,Bookcases,1535.17,9,1259.45,United States,San Antonio
2024-02-20,West,Consumer,Furniture,Tables,1116.56,5,610.12,United States,Dallas
2024-08-18,Central,Corporate,Office Supplies,Binders,1836.76,9,747.74,United States,San Diego
2024-01-11,South,Consumer,Technology,Accessories,1787.9,10,138.23,United States,Chicago
2024-11-28,West,Corporate,Office Supplies,Storage,1807.79,9,628.74,United States,Los Angeles
2024-02-10,South,Home Office,Office Supplies,Paper,1468.29,3,1276.04,United States,Chicago
2024-08-03,South,Consumer,Office Supplies,Paper,441.6,6,187.97,United States,Chicago
2024-05-29,Central,Home Office,Technology,Laptops,3240.99,5,1309.08,United States,Chicago
2024-10-27,South,Corporate,Technology,Laptops,878.22,1,12.57,United States,Los Angeles
2024-05-08,East,Consumer,Furniture,Bookcases,876.21,2,-37.56,United States,Houston
2024-01-28,East,Corporate,Technology,Laptops,2643.71,2,-23.32,United States,Philadelphia
2024-02-13,South,Corporate,Office Supplies,Binders,1185.31,5,553.37,United States,San Jose
2024-09-26,West,Consumer,Furniture,Chairs,224.02,6,1262.63,United States,New York
2024-08-27,Central,Home Office,Technology,Accessories,2251.98,9,100.96,United States,San Diego
2024-11-19,South,Home Office,Office Supplies,Paper,3216.94,9,326.42,United States,Philadelphia
2024-10-03,West,Consumer,Technology,Accessories,2237.21,6,500.75,United States,Phoenix
2024-01-06,East,Home Office,Furniture,Tables,4086.13,3,384.6,United States,Dallas
2024-01-05,South,Corporate,Technology,Laptops,1533.07,7,1156.54,United States,Philadelphia
2024-01-04,Central,Consumer,Office Supplies,Binders,2088.09,9,543.08,United States,Chicago
2024-11-26,South,Corporate,Furniture,Chairs,1141.93,2,517.81,United States,Chicago
2024-11-09,Central,Corporate,Furniture,Bookcases,3259.86,9,1174.97,United States,New York
2024-02-05,West,Consumer,Technology,Phones,1483.5,8,850.14,United States,Los Angeles
2024-11-14,South,Consumer,Technology,Laptops,1637.19,3,-115.63,United States,San Jose
2024-04-05,East,Corporate,Office Supplies,Binders,1382.52,8,1036.08,United States,San Antonio
2024-03-18,East,Corporate,Furniture,Chairs,1125.08,7,329.68,United States,Phoenix
2024-08-25,East,Corporate,Technology,Accessories,447.1,3,-104.73,United States,San Antonio
2024-10-05,South,Consumer,Technology,Phones,1001.35,5,1189.33,United States,Chicago
2024-12-31,West,Corporate,Furniture,Chairs,3867.57,8,220.18,United States,Philadelphia
2024-08-23,East,Home Office,Furniture,Chairs,3346.74,4,603.8,United States,Houston
2024-06-14,West,Home Office,Office Supplies,Paper,3654.77,9,685.57,United States,Philadelphia
2024-11-22,Central,Consumer,Technology,Accessories,1834.11,1,1268.22,United States,New York
2024-04-30,South,Corporate,Furniture,Chairs,124.59,5,793.98,United States,Phoenix
2024-01-05,East,Home Office,Technology,Phones,3928.2,8,970.29,United States,Phoenix
2024-02-15,West,Consumer,Furniture,Tables,2524.6,10,375.32,United States,San Antonio
2024-01-31,Central,Home Office,Office Supplies,Binders,811.9,9,1145.49,United States,Los Angeles
2024-04-29,Central,Home Office,Furniture,Tables,3953.38,6,1169.39,United States,Philadelphia
2024-04-08,East,Home Office,Technology,Laptops,1919.96,3,226.18,United States,San Diego
2024-12-27,South,Home Office,Furniture,Tables,1508.84,8,122.62,United States,Philadelphia
2024-06-27,Central,Home Office,Furniture,Bookcases,2368.55,10,1354.61,United States,Dallas
2024-02-05,West,Corporate,Office Supplies,Binders,1513.58,5,720.73,United States,San Diego
2024-11-22,South,Home Office,Technology,Phones,968.39,1,853.55,United States,Houston
2024-05-02,Central,Home Office,Technology,Laptops,363.54,9,1192.38,United States,San Diego
2024-12-15,South,Home Office,Furniture,Bookcases,812.95,5,348.42,United States,Los Angeles
2024-02-26,East,Home Office,Office Supplies,Paper,3311.51,1,1219.83,United States,San Jose
2024-01-17,West,Consumer,Furniture,Chairs,2452.58,2,-145.91,United States,San Jose
2024-12-02,South,Home Office,Office Supplies,Paper,3138.65,10,235.1,United States,San Diego
2024-11-06,East,Consumer,Technology,Phones,4654.54,4,914.77,United States,Dallas
2024-11-23,East,Corporate,Furniture,Tables,2812.2,7,1197.45,United States,Phoenix
2024-11-11,Central,Home Office,Office Supplies,Binders,251.23,2,1218.58,United States,Houston
2024-09-22,East,Consumer,Furniture,Chairs,3639.6,9,455.06,United States,Houston
2024-12-02,West,Home Office,Furniture,Bookcases,3145.36,3,749.32,United States,Philadelphia
2024-02-24,Central,Home Office,Office Supplies,Paper,2320.67,7,1300.8,United States,Chicago
2024-10-08,South,Home Office,Furniture,Chairs,1720.69,3,707.63,United States,Chicago
2024-06-29,Central,Home Office,Office Supplies,Paper,4957.74,6,1236.25,United States,Phoenix
2024-08-08,Central,Home Office,Technology,Laptops,1241.58,9,163.68,United States,Chicago
2024-05-10,Central,Corporate,Office Supplies,Storage,2265.12,7,-199.67,United States,Chicago
2024-11-01,East,Home Office,Furniture,Tables,718.67,5,-188.83,United States,San Jose
2024-06-10,East,Home Office,Furniture,Chairs,4120.57,9,669.16,United States,New York
2024-03-20,East,Consumer,Office Supplies,Storage,2328.83,3,35.29,United States,San Jose
2024-05-07,West,Corporate,Technology,Laptops,4064.82,2,769.83,United States,San Antonio
2024-02-09,Central,Corporate,Office Supplies,Binders,905.87,10,1193.18,United States,Chicago
2024-11-24,Central,Consumer,Furniture,Bookcases,3667.41,10,448.63,United States,New York
2024-06-27,South,Corporate,Furniture,Tables,4654.72,2,1278.64,United States,Dallas
2024-11-30,East,Home Office,Furniture,Bookcases,3898.22,7,-107.98,United States,Los Angeles
2024-06-12,West,Corporate,Office Supplies,Binders,2536.89,4,60.44,United States,Philadelphia
2024-07-20,South,Home Office,Office Supplies,Storage,2897.51,2,177.55,United States,Los Angeles
2024-03-16,West,Corporate,Technology,Accessories,458.6,10,1067.04,United States,Chicago
2024-05-14,East,Corporate,Office Supplies,Paper,2534.02,3,1095.46,United States,Philadelphia
2024-04-11,South,Corporate,Technology,Laptops,3278.63,4,753.98,United States,Los Angeles
2024-05-06,West,Consumer,Office Supplies,Storage,1367.97,7,349.8,United States,San Diego
2024-02-27,South,Corporate,Office Supplies,Binders,1858.07,4,345.26,United States,New York
2024-01-13,Central,Consumer,Office Supplies,Storage,4938.88,10,1196.69,United States,New York
2024-03-15,South,Consumer,Technology,Laptops,4624.86,4,139.46,United States,San Diego
2024-02-13,East,Home Office,Technology,Phones,319.96,10,1375.44,United States,Chicago
2024-06-24,East,Corporate,Technology,Phones,2277.8,1,364.19,United States,San Antonio
2024-04-18,West,Home Office,Office Supplies,Storage,2640.17,5,732.96,United States,Philadelphia
2024-03-13,East,Corporate,Office Supplies,Storage,2935.87,9,-126.08,United States,Houston
2024-05-25,West,Home Office,Furniture,Chairs,3108.93,1,590.43,United States,Los Angeles
2024-07-17,Central,Home Office,Furniture,Chairs,4267.81,6,1269.28,United States,Dallas
2024-11-28,South,Consumer,Furniture,Tables,4899.97,9,1460.24,United States,San Jose
2024-09-05,East,Consumer,Furniture,Tables,1034.43,8,753.17,United States,New York
2024-01-21,West,Home Office,Office Supplies,Binders,1559.39,8,468.78,United States,Dallas
2024-06-26,Central,Corporate,Furniture,Chairs,3144.89,4,1493.19,United States,San Antonio
2024-02-01,Central,Corporate,Office Supplies,Paper,4457.49,1,1405.03,United States,Phoenix
2024-03-18,Central,Corporate,Technology,Phones,3301.81,2,1040.81,United States,New York
2024-11-09,West,Corporate,Office Supplies,Storage,1239.79,3,524.99,United States,San Diego
2024-06-17,South,Home Office,Technology,Laptops,702.27,3,787.75,United States,San Diego
2024-03-11,Central,Home Office,Office Supplies,Binders,3540.43,9,1346.26,United States,San Jose
2024-12-01,West,Corporate,Technology,Phones,385.68,9,1412.62,United States,Chicago
2024-06-11,West,Home Office,Furniture,Chairs,195.94,6,1296.22,United States,Houston
2024-06-04,South,Home Office,Technology,Accessories,4672.15,5,58.33,United States,Philadelphia
2024-03-08,West,Consumer,Furniture,Chairs,3824.12,10,848.81,United States,Los Angeles
2024-11-09,West,Home Office,Office Supplies,Storage,1199.3,1,410.74,United States,Phoenix
2024-03-09,South,Home Office,Office Supplies,Paper,3265.36,3,1248.62,United States,Dallas
2024-03-11,West,Consumer,Technology,Accessories,1170.05,7,1099.72,United States,Phoenix
2024-07-30,West,Home Office,Furniture,Tables,3373.13,4,1088.22,United States,Chicago
2024-08-12,South,Home Office,Furniture,Chairs,1658.23,8,1308.9,United States,San Diego
2024-01-22,South,Home Office,Technology,Accessories,1598.84,10,1396.54,United States,Philadelphia
2024-10-01,East,Home Office,Office Supplies,Storage,591.12,8,1205.92,United States,Philadelphia
2024-09-22,South,Home Office,Furniture,Chairs,244.3,7,677.42,United States,Philadelphia
2024-04-07,Central,Corporate,Office Supplies,Binders,2020.3,5,1115.25,United States,Houston
2024-03-26,South,Corporate,Technology,Accessories,3085.01,1,972.92,United States,Dallas
2024-11-26,South,Consumer,Furniture,Tables,3627.1,2,105.61,United States,Phoenix
2024-10-06,West,Corporate,Office Supplies,Storage,2097.12,8,-157.65,United States,Philadelphia
2024-12-30,West,Corporate,Technology,Laptops,496.39,6,975.92,United States,Los Angeles
2024-03-04,East,Consumer,Office Supplies,Binders,3545.82,6,-54.98,United States,Phoenix
2024-09-18,West,Corporate,Office Supplies,Paper,2774.21,1,1106.04,United States,Chicago
2024-12-03,West,Consumer,Technology,Laptops,4350.65,3,1107.57,United States,New York
2024-06-06,Central,Home Office,Furniture,Tables,3854.72,8,290.93,United States,Los Angeles
2024-03-08,West,Consumer,Furniture,Chairs,3131.67,5,-179.25,United States,Philadelphia
2024-10-05,East,Home Office,Technology,Accessories,4419.38,4,168.69,United States,New York
2024-08-20,South,Corporate,Office Supplies,Paper,443.05,10,-188.83,United States,San Diego
2024-11-13,West,Consumer,Office Supplies,Paper,964.96,1,910.57,United States,San Antonio
2024-01-17,Central,Corporate,Furniture,Chairs,4605.9,1,-14.89,United States,Chicago
2024-12-10,Central,Home Office,Furniture,Chairs,3321.58,10,772.88,United States,Philadelphia
2024-08-21,Central,Consumer,Office Supplies,Binders,510.98,5,348.8,United States,Houston
2024-08-06,East,Corporate,Technology,Phones,2380.54,2,980.85,United States,Los Angeles
2024-09-26,South,Home Office,Technology,Accessories,1088.73,4,840.49,United States,Philadelphia
2024-11-18,East,Corporate,Furniture,Bookcases,3634.17,10,1387.62,United States,Chicago
2024-08-06,Central,Corporate,Office Supplies,Paper,2650.69,10,401.55,United States,San Jose
2024-10-15,South,Home Office,Furniture,Bookcases,3659.46,8,637.26,United States,San Jose
2024-04-29,Central,Consumer,Furniture,Bookcases,57.83,1,590.31,United States,Houston
2024-04-16,South,Corporate,Furniture,Bookcases,275.19,6,752.71,United States,Dallas
2024-01-06,West,Home Office,Office Supplies,Binders,1444.05,2,323.21,United States,Houston
2024-06-14,East,Consumer,Office Supplies,Storage,3444.89,6,473.28,United States,New York
2024-01-15,West,Consumer,Office Supplies,Storage,1686.05,6,1367.88,United States,Houston
2024-01-19,West,Corporate,Technology,Accessories,819.16,8,1316.5,United States,Houston
2024-08-24,South,Home Office,Office Supplies,Paper,327.31,9,308.88,United States,San Antonio
2024-06-10,East,Consumer,Office Supplies,Storage,2908.12,6,1159.21,United States,Philadelphia
2024-03-17,Central,Consumer,Technology,Phones,1728.8,7,865.07,United States,Phoenix
2024-11-06,South,Consumer,Furniture,Bookcases,2996.2,5,998.95,United States,San Antonio
2024-01-17,Central,Corporate,Technology,Laptops,479.65,4,431.69,United States,Chicago
2024-09-25,Central,Consumer,Technology,Phones,605.54,1,1122.24,United States,Los Angeles
2024-09-16,East,Corporate,Furniture,Tables,4529.53,3,123.36,United States,Philadelphia
2024-09-25,Central,Corporate,Technology,Laptops,759.31,2,1197.64,United States,Dallas
2024-03-08,West,Home Office,Office Supplies,Storage,230.94,7,1013.25,United States,Los Angeles
2024-01-03,Central,Consumer,Office Supplies,Binders,3450.91,10,1282.19,United States,New York
2024-01-24,East,Home Office,Technology,Accessories,3842.59,5,-161.78,United States,San Diego
2024-04-17,Central,Consumer,Technology,Laptops,1003.1,5,704.87,United States,Chicago
2024-03-01,Central,Consumer,Technology,Laptops,829.61,2,-174.06,United States,San Jose
2024-09-20,East,Consumer,Office Supplies,Storage,2735.52,9,341.42,United States,San Diego
2024-05-25,West,Consumer,Furniture,Bookcases,402.65,10,1316.81,United States,New York
2024-01-26,West,Consumer,Office Supplies,Paper,2380.14,1,-19.92,United States,Phoenix
2024-08-06,South,Consumer,Furniture,Chairs,3538.15,10,870.1,United States,Dallas
2024-08-16,Central,Corporate,Office Supplies,Storage,1695.04,4,1011.93,United States,San Jose
2024-02-10,South,Home Office,Office Supplies,Storage,702.39,8,-34.65,United States,New York
2024-11-25,South,Corporate,Technology,Laptops,1196.89,4,44.33,United States,San Diego
2024-07-05,South,Consumer,Office Supplies,Paper,3513.09,6,1140.92,United States,San Diego
2024-09-24,South,Corporate,Office Supplies,Binders,4547.1,5,1262.28,United States,Houston
2024-02-16,West,Corporate,Technology,Phones,2011.41,1,951.21,United States,Chicago
2024-05-22,Central,Consumer,Furniture,Chairs,4710.35,5,1111.0,United States,Houston
2024-12-27,Central,Home Office,Furniture,Tables,4305.05,2,968.55,United States,New York
2024-03-11,West,Consumer,Office Supplies,Binders,1946.02,3,1000.91,United States,Houston
2024-11-11,Central,Home Office,Office Supplies,Binders,251.23,2,1218.58,United States,Philadelphia
2024-09-29,West,Consumer,Technology,Phones,3315.77,9,80.72,United States,Houston
2024-12-16,South,Consumer,Office Supplies,Storage,3047.28,3,608.98,United States,Los Angeles
2024-09-04,South,Consumer,Technology,Accessories,2311.09,3,452.1,United States,Los Angeles
2024-03-25,South,Consumer,Technology,Laptops,315.1,6,149.44,United States,San Diego
2024-10-07,South,Consumer,Furniture,Chairs,3892.05,4,311.96,United States,Dallas
2024-06-02,East,Home Office,Office Supplies,Binders,4958.79,1,-41.05,United States,Philadelphia
2024-11-23,East,Corporate,Office Supplies,Binders,746.18,2,204.59,United States,New York
2024-10-02,South,Corporate,Technology,Laptops,2206.09,10,256.27,United States,San Antonio
2024-02-29,West,Corporate,Furniture,Tables,3482.51,9,460.39,United States,San Jose
2024-06-23,West,Consumer,Technology,Accessories,1299.77,8,-6.05,United States,Chicago
2024-02-13,South,Corporate,Office Supplies,Binders,1185.31,5,553.37,United States,San Diego
2024-09-30,South,Corporate,Technology,Laptops,3152.66,8,1283.05,United States,Los Angeles
2024-05-08,East,Consumer,Furniture,Bookcases,876.21,2,-37.56,United States,Dallas
2024-12-13,South,Home Office,Furniture,Bookcases,2503.32,6,1400.7,United States,Philadelphia
2024-09-26,South,Home Office,Technology,Accessories,1088.73,4,840.49,United States,Dallas
2024-03-08,East,Consumer,Technology,Phones,2183.35,9,743.06,United States,San Diego
2024-08-30,Central,Corporate,Technology,Phones,859.39,5,1073.23,United States,San Jose
2024-12-25,East,Consumer,Office Supplies,Binders,2507.24,6,689.11,United States,Houston
2024-03-10,South,Consumer,Office Supplies,Binders,4962.81,3,992.43,United States,Houston
2024-01-20,East,Corporate,Technology,Accessories,4166.9,2,895.93,United States,Los Angeles
2024-09-28,West,Home Office,Furniture,Bookcases,1202.54,2,502.61,United States,San Antonio
2024-02-02,South,Corporate,Office Supplies,Binders,3901.18,9,809.23,United States,Chicago
2024-11-21,East,Home Office,Technology,Phones,3366.62,6,559.27,United States,Philadelphia
2024-05-17,South,Home Office,Furniture,Chairs,3044.6,1,1285.15,United States,San Diego
2024-08-04,West,Home Office,Office Supplies,Storage,3788.56,4,1012.01,United States,Houston
2024-10-22,Central,Consumer,Furniture,Tables,3827.45,8,1493.15,United States,San Jose
2024-07-30,West,Home Office,Furniture,Tables,3373.13,4,1088.22,United States,Dallas
2024-12-20,East,Corporate,Office Supplies,Paper,1968.4,6,1441.92,United States,San Diego
2024-10-10,East,Corporate,Office Supplies,Binders,4101.11,7,1441.57,United States,Houston
2024-06-02,Central,Home Office,Office Supplies,Binders,2071.54,7,985.25,United States,Houston
2024-10-22,West,Corporate,Furniture,Chairs,3936.79,2,19.99,United States,Houston
2024-06-14,West,Home Office,Office Supplies,Paper,3654.77,9,685.57,United States,Chicago
2024-10-20,West,Corporate,Office Supplies,Paper,1529.32,7,1334.72,United States,Philadelphia
2024-11-23,East,Corporate,Furniture,Tables,2812.2,7,1197.45,United States,Dallas
2024-11-06,South,Consumer,Furniture,Bookcases,2996.2,5,998.95,United States,Philadelphia
2024-08-17,Central,Home Office,Office Supplies,Storage,1614.89,8,-83.91,United States,San Diego
2024-01-31,Central,Home Office,Office Supplies,Binders,811.9,9,1145.49,United States,New York
2024-12-29,Central,Home Office,Office Supplies,Storage,2755.74,10,134.0,United States,Phoenix
2024-01-27,Central,Corporate,Technology,Laptops,3960.05,9,408.75,United States,New York
2024-02-10,Central,Consumer,Office Supplies,Paper,3193.53,9,266.57,United States,San Diego
2024-02-15,West,Corporate,Technology,Laptops,1155.47,5,514.8,United States,Dallas
2024-09-30,South,Corporate,Technology,Laptops,3152.66,8,1283.05,United States,Phoenix
2024-08-31,Central,Corporate,Furniture,Bookcases,150.15,5,328.61,United States,San Diego
2024-09-22,South,Corporate,Furniture,Bookcases,3461.59,1,945.98,United States,Los Angeles
2024-09-29,West,Consumer,Technology,Phones,3315.77,9,80.72,United States,Philadelphia
2024-08-19,West,Corporate,Furniture,Tables,1727.71,8,477.84,United States,New York
2024-03-15,Central,Consumer,Technology,Accessories,1473.77,2,388.82,United States,Los Angeles
2024-05-17,South,Corporate,Office Supplies,Storage,2287.36,2,484.85,United States,San Jose
2024-04-29,East,Home Office,Technology,Accessories,1073.53,6,459.76,United States,New York
2024-04-07,East,Home Office,Furniture,Chairs,4997.88,8,1354.55,United States,Los Angeles
2024-09-17,South,Consumer,Furniture,Chairs,3791.12,2,59.83,United States,Chicago
2024-03-06,West,Consumer,Office Supplies,Paper,2191.46,1,1213.36,United States,San Antonio
2024-06-14,East,Consumer,Office Supplies,Storage,3444.89,6,473.28,United States,Phoenix
2024-01-07,Central,Corporate,Technology,Accessories,1969.61,2,1032.23,United States,Philadelphia
2024-09-20,East,Corporate,Furniture,Bookcases,251.14,5,746.22,United States,San Jose
2024-04-26,Central,Home Office,Technology,Accessories,4708.66,7,115.75,United States,San Jose
2024-09-07,West,Home Office,Office Supplies,Paper,2406.66,8,561.9,United States,Houston
2024-07-26,West,Consumer,Technology,Phones,3220.37,7,472.49,United States,San Diego
2024-06-14,West,Consumer,Technology,Accessories,3675.14,7,1146.13,United States,Chicago
2024-08-02,South,Consumer,Office Supplies,Binders,4864.17,3,1009.81,United States,San Antonio
2024-07-28,South,Consumer,Furniture,Tables,1616.1,3,1124.2,United States,San Diego
2024-01-06,West,Home Office,Office Supplies,Binders,1444.05,2,323.21,United States,Chicago
2024-10-04,East,Home Office,Office Supplies,Storage,1602.34,1,793.1,United States,San Jose
2024-08-15,Central,Home Office,Office Supplies,Binders,3929.81,4,707.82,United States,Phoenix
2024-01-11,West,Consumer,Furniture,Chairs,674.79,2,758.75,United States,New York
2024-05-08,West,Home Office,Furniture,Chairs,4350.81,8,1210.97,United States,Chicago
2024-05-17,South,Corporate,Office Supplies,Storage,2287.36,2,484.85,United States,Phoenix
2024-10-29,South,Consumer,Office Supplies,Binders,197.5,4,195.52,United States,Dallas
2024-08-22,Central,Consumer,Office Supplies,Binders,3988.61,7,170.31,United States,San Jose
2024-10-26,Central,Consumer,Furniture,Chairs,1686.29,3,-132.1,United States,San Jose
2024-01-02,South,Corporate,Furniture,Chairs,3462.39,8,295.14,United States,Phoenix
2024-08-06,Central,Corporate,Office Supplies,Paper,2650.69,10,401.55,United States,New York
2024-09-14,West,Consumer,Office Supplies,Binders,4748.81,8,93.89,United States,New York
2024-12-02,West,Home Office,Furniture,Bookcases,3145.36,3,749.32,United States,San Jose
2024-03-04,South,Corporate,Furniture,Chairs,4818.08,6,1144.83,United States,Philadelphia
2024-05-25,West,Home Office,Furniture,Chairs,3108.93,1,590.43,United States,New York
2024-09-02,South,Home Office,Technology,Laptops,3751.95,9,286.08,United States,Dallas
2024-04-23,East,Home Office,Technology,Laptops,3926.97,9,312.77,United States,Dallas
2024-04-02,West,Corporate,Technology,Accessories,4740.96,8,126.41,United States,Dallas
2024-10-06,Central,Home Office,Office Supplies,Paper,3871.35,5,837.13,United States,San Jose
2024-05-22,Central,Consumer,Furniture,Chairs,4710.35,5,1111.0,United States,Houston
2024-06-11,West,Home Office,Technology,Laptops,4845.28,10,1137.89,United States,San Diego
2024-08-12,South,Consumer,Furniture,Tables,4428.53,8,1299.01,United States,San Diego
2024-06-24,East,Corporate,Technology,Phones,2277.8,1,364.19,United States,San Antonio
2024-02-19,East,Corporate,Furniture,Chairs,4729.66,10,510.83,United States,Los Angeles
2024-09-22,East,Consumer,Furniture,Chairs,3639.6,9,455.06,United States,Philadelphia
2024-06-06,East,Corporate,Technology,Laptops,1309.56,1,1067.87,United States,Dallas
2024-03-15,South,Consumer,Technology,Laptops,4624.86,4,139.46,United States,Philadelphia
2024-05-14,East,Corporate,Office Supplies,Paper,2534.02,3,1095.46,United States,Los Angeles
2024-08-12,South,Home Office,Furniture,Chairs,1658.23,8,1308.9,United States,Los Angeles
2024-02-10,Central,Consumer,Office Supplies,Storage,533.54,4,1225.75,United States,Los Angeles
2024-01-13,West,Corporate,Furniture,Chairs,1674.9,2,1443.71,United States,San Diego
2024-03-01,Central,Consumer,Technology,Laptops,829.61,2,-174.06,United States,Houston
2024-09-20,West,Home Office,Furniture,Bookcases,760.71,7,-197.34,United States,New York
2024-08-20,South,Corporate,Office Supplies,Paper,443.05,10,-188.83,United States,San Diego
2024-11-26,West,Consumer,Technology,Accessories,558.88,5,135.36,United States,San Jose
2024-09-18,East,Home Office,Technology,Laptops,615.32,9,1199.58,United States,Houston
2024-05-25,East,Corporate,Office Supplies,Binders,295.77,10,1125.71,United States,New York
2024-04-19,Central,Consumer,Furniture,Bookcases,4669.63,2,1294.76,United States,San Antonio
2024-05-04,West,Home Office,Furniture,Tables,1065.77,9,152.17,United States,New York
2024-08-04,East,Corporate,Furniture,Bookcases,1939.02,8,699.49,United States,San Antonio
2024-02-07,South,Corporate,Technology,Laptops,4436.38,10,130.54,United States,Chicago
2024-03-19,West,Home Office,Technology,Laptops,3444.41,1,311.9,United States,Los Angeles
2024-03-08,East,Consumer,Technology,Phones,2183.35,9,743.06,United States,Phoenix
2024-02-21,South,Consumer,Furniture,Tables,3626.1,7,1280.59,United States,Chicago
2024-02-21,Central,Corporate,Technology,Laptops,3083.25,5,118.16,United States,New York
2024-02-16,South,Consumer,Office Supplies,Paper,1886.55,7,427.98,United States,New York
2024-12-03,East,Corporate,Office Supplies,Binders,2601.49,10,369.82,United States,Phoenix
2024-05-08,South,Corporate,Technology,Laptops,1036.12,7,1250.67,United States,Chicago
2024-06-15,Central,Corporate,Technology,Laptops,3297.79,5,120.21,United States,Houston
2024-08-24,South,Corporate,Technology,Accessories,3885.1,8,737.84,United States,Chicago
2024-09-05,Central,Home Office,Furniture,Bookcases,3823.16,1,-30.72,United States,Phoenix
2024-11-14,South,Consumer,Technology,Laptops,1637.19,3,-115.63,United States,Philadelphia
2024-09-17,East,Consumer,Furniture,Chairs,4300.51,1,215.74,United States,Phoenix
2024-06-06,West,Corporate,Furniture,Tables,3446.06,5,973.49,United States,Houston
2024-10-02,Central,Consumer,Technology,Phones,3914.66,10,1062.28,United States,San Antonio
2024-10-15,South,Home Office,Furniture,Bookcases,3659.46,8,637.26,United States,Houston
2024-08-21,East,Corporate,Furniture,Chairs,3537.94,5,426.2,United States,Los Angeles
2024-03-22,East,Consumer,Office Supplies,Storage,4250.91,8,-140.84,United States,New York
2024-04-19,Central,Consumer,Furniture,Bookcases,4669.63,2,1294.76,United States,Phoenix
2024-06-30,South,Corporate,Office Supplies,Paper,2361.77,1,944.72,United States,San Jose
2024-05-05,South,Home Office,Technology,Phones,3424.91,3,88.97,United States,Chicago
2024-09-26,East,Home Office,Office Supplies,Storage,3368.76,9,415.11,United States,Dallas
2024-08-24,South,Home Office,Office Supplies,Paper,327.31,9,308.88,United States,San Jose
2024-01-02,South,Corporate,Furniture,Tables,4636.26,8,284.92,United States,Philadelphia
2024-10-06,East,Corporate,Office Supplies,Binders,2933.42,3,530.64,United States,San Jose
2024-09-16,Central,Consumer,Office Supplies,Paper,4211.16,9,107.93,United States,Dallas
2024-07-06,West,Corporate,Office Supplies,Paper,4774.54,2,-171.63,United States,Houston
2024-09-06,East,Corporate,Office Supplies,Paper,4496.49,4,344.53,United States,San Jose
2024-04-18,West,Home Office,Office Supplies,Storage,2640.17,5,732.96,United States,Phoenix
2024-11-22,South,Consumer,Office Supplies,Binders,4369.96,10,283.38,United States,Philadelphia
2024-04-30,South,Corporate,Furniture,Chairs,124.59,5,793.98,United States,Philadelphia
2024-02-13,East,Home Office,Technology,Phones,319.96,10,1375.44,United States,San Diego
2024-02-24,East,Consumer,Technology,Laptops,2487.49,7,-18.17,United States,Dallas
2024-06-17,South,Home Office,Technology,Laptops,702.27,3,787.75,United States,New York
2024-12-03,Central,Consumer,Furniture,Bookcases,3634.72,6,1368.0,United States,Phoenix
2024-08-12,South,Consumer,Furniture,Tables,4428.53,8,1299.01,United States,Los Angeles
2024-12-05,South,Home Office,Furniture,Bookcases,82.79,9,1428.59,United States,Houston
2024-08-06,East,Corporate,Technology,Phones,2380.54,2,980.85,United States,Phoenix
2024-02-22,East,Corporate,Furniture,Tables,528.75,6,826.33,United States,Chicago
2024-10-19,South,Consumer,Technology,Phones,3338.64,2,689.92,United States,Philadelphia
2024-09-16,Central,Consumer,Office Supplies,Paper,4211.16,9,107.93,United States,New York
2024-12-10,Central,Home Office,Furniture,Chairs,3321.58,10,772.88,United States,Chicago
2024-08-04,West,Corporate,Technology,Phones,400.6,7,-48.14,United States,San Antonio
2024-01-26,West,Consumer,Office Supplies,Paper,2380.14,1,-19.92,United States,Los Angeles
2024-03-04,West,Corporate,Technology,Phones,2309.76,7,143.94,United States,Houston
2024-04-09,Central,Home Office,Technology,Accessories,4738.29,8,584.86,United States,Dallas
2024-08-04,East,Corporate,Furniture,Bookcases,1939.02,8,699.49,United States,Houston
2024-06-09,West,Consumer,Office Supplies,Storage,1088.08,5,967.24,United States,San Antonio
2024-05-07,East,Corporate,Technology,Phones,1320.46,2,1024.7,United States,Houston
2024-06-27,Central,Home Office,Furniture,Bookcases,2368.55,10,1354.61,United States,San Diego
2024-03-26,East,Home Office,Furniture,Chairs,374.09,4,1270.42,United States,Chicago
2024-06-04,South,Home Office,Technology,Accessories,4672.15,5,58.33,United States,Philadelphia
2024-02-07,West,Corporate,Technology,Laptops,3229.58,8,591.92,United States,Los Angeles
2024-05-30,South,Consumer,Office Supplies,Binders,4918.09,2,117.86,United States,San Antonio
2024-12-19,West,Consumer,Office Supplies,Storage,1121.1,8,270.05,United States,Los Angeles
2024-01-21,West,Home Office,Office Supplies,Binders,1559.39,8,468.78,United States,Houston
2024-08-31,Central,Corporate,Furniture,Bookcases,150.15,5,328.61,United States,Dallas
2024-07-06,West,Corporate,Office Supplies,Paper,4774.54,2,-171.63,United States,Chicago
2024-03-22,East,Consumer,Office Supplies,Storage,4250.91,8,-140.84,United States,Houston
2024-08-12,South,Home Office,Furniture,Chairs,1658.23,8,1308.9,United States,San Antonio
2024-08-18,Central,Corporate,Office Supplies,Binders,1836.76,9,747.74,United States,Phoenix
2024-06-30,South,Home Office,Furniture,Tables,304.66,5,820.7,United States,San Antonio
2024-02-10,South,Corporate,Technology,Phones,4016.24,8,-50.37,United States,San Jose
2024-03-21,East,Home Office,Office Supplies,Storage,446.55,3,-83.51,United States,Philadelphia
2024-04-16,South,Corporate,Office Supplies,Paper,1210.8,1,941.78,United States,Phoenix
2024-06-14,East,Consumer,Furniture,Bookcases,1363.57,3,1060.92,United States,Phoenix
2024-11-06,East,Consumer,Technology,Phones,4654.54,4,914.77,United States,San Antonio
2024-06-04,West,Consumer,Office Supplies,Binders,1647.17,4,388.24,United States,Houston
2024-02-05,Central,Consumer,Office Supplies,Paper,4255.4,8,-20.58,United States,San Antonio
2024-08-06,South,Consumer,Furniture,Chairs,3538.15,10,870.1,United States,Dallas
2024-02-06,West,Corporate,Technology,Laptops,2067.78,8,871.37,United States,San Antonio
2024-06-14,West,Home Office,Office Supplies,Paper,3654.77,9,685.57,United States,Houston
2024-09-24,East,Consumer,Technology,Phones,1935.31,1,939.43,United States,San Antonio
2024-09-06,East,Corporate,Office Supplies,Paper,4496.49,4,344.53,United States,Philadelphia
2024-09-01,East,Home Office,Office Supplies,Paper,1769.08,3,577.23,United States,Philadelphia
2024-08-06,South,Consumer,Furniture,Chairs,3538.15,10,870.1,United States,Chicago
2024-06-30,South,Corporate,Office Supplies,Paper,2361.77,1,944.72,United States,San Diego
2024-12-29,East,Home Office,Furniture,Chairs,2636.58,9,-187.77,United States,New York
2024-09-02,South,Home Office,Technology,Laptops,3751.95,9,286.08,United States,Los Angeles
2024-04-26,Central,Home Office,Technology,Accessories,4708.66,7,115.75,United States,San Antonio
2024-02-10,South,Home Office,Office Supplies,Storage,702.39,8,-34.65,United States,Phoenix
2024-06-02,East,Home Office,Office Supplies,Binders,4958.79,1,-41.05,United States,Phoenix
2024-06-09,Central,Consumer,Furniture,Tables,4476.87,5,110.73,United States,Philadelphia
2024-05-13,Central,Corporate,Technology,Accessories,4263.51,8,-108.75,United States,Houston
2024-03-15,East,Consumer,Technology,Accessories,2201.65,7,309.58,United States,San Jose
2024-05-14,South,Corporate,Technology,Phones,1353.83,5,759.22,United States,Philadelphia
2024-03-22,East,Consumer,Office Supplies,Storage,4250.91,8,-140.84,United States,Dallas
2024-08-17,Central,Home Office,Office Supplies,Storage,1614.89,8,-83.91,United States,Houston
2024-06-18,Central,Consumer,Furniture,Bookcases,4006.74,7,1312.13,United States,Dallas
2024-12-26,Central,Corporate,Furniture,Tables,2885.04,9,1475.33,United States,San Antonio
2024-11-30,South,Corporate,Office Supplies,Storage,3439.25,7,1007.24,United States,Philadelphia
2024-09-25,South,Consumer,Office Supplies,Storage,4262.75,8,263.82,United States,San Diego
2024-10-25,Central,Corporate,Office Supplies,Storage,4818.27,5,184.7,United States,Philadelphia
2024-07-15,South,Home Office,Office Supplies,Binders,3298.07,5,1009.73,United States,San Antonio
2024-11-09,West,Home Office,Office Supplies,Storage,1199.3,1,410.74,United States,Houston
2024-12-14,East,Consumer,Technology,Laptops,4876.66,7,434.44,United States,San Jose
2024-11-22,East,Consumer,Office Supplies,Storage,3856.32,6,82.78,United States,Phoenix
2024-06-10,East,Home Office,Furniture,Chairs,4120.57,9,669.16,United States,Los Angeles
2024-06-11,West,Home Office,Technology,Laptops,4845.28,10,1137.89,United States,Phoenix
2024-06-16,South,Home Office,Furniture,Bookcases,3189.76,2,327.29,United States,Los Angeles
2024-05-17,South,Home Office,Technology,Phones,1748.33,3,647.91,United States,San Jose
2024-08-26,Central,Corporate,Technology,Accessories,1344.73,9,1300.78,United States,Phoenix
2024-03-18,East,Corporate,Furniture,Chairs,1125.08,7,329.68,United States,New York
2024-06-18,Central,Consumer,Furniture,Bookcases,4006.74,7,1312.13,United States,Phoenix
2024-07-22,Central,Home Office,Office Supplies,Paper,1429.51,2,-155.95,United States,Dallas
2024-04-30,South,Corporate,Furniture,Chairs,124.59,5,793.98,United States,Philadelphia
2024-02-13,South,Corporate,Office Supplies,Binders,1185.31,5,553.37,United States,San Antonio
2024-10-21,South,Corporate,Office Supplies,Binders,969.48,9,978.84,United States,Houston
2024-11-26,South,Corporate,Furniture,Chairs,1141.93,2,517.81,United States,Philadelphia
2024-04-17,West,Home Office,Technology,Accessories,4175.16,1,214.24,United States,New York
2024-02-16,South,Consumer,Office Supplies,Paper,1886.55,7,427.98,United States,San Jose
2024-08-18,Central,Corporate,Furniture,Bookcases,2247.5,2,775.67,United States,Philadelphia
2024-02-05,West,Corporate,Office Supplies,Binders,1513.58,5,720.73,United States,Dallas
2024-05-17,East,Consumer,Furniture,Bookcases,2378.98,8,1357.32,United States,Chicago
2024-06-03,South,Home Office,Furniture,Tables,556.44,9,1499.03,United States,Chicago
2024-06-30,West,Consumer,Technology,Phones,1411.16,8,1301.82,United States,Los Angeles
2024-05-30,South,Consumer,Office Supplies,Binders,4918.09,2,117.86,United States,New York
2024-09-13,South,Home Office,Furniture,Tables,3650.64,3,681.76,United States,Philadelphia
2024-11-19,West,Corporate,Technology,Accessories,3190.77,1,568.49,United States,San Antonio
2024-03-10,South,Consumer,Office Supplies,Binders,4962.81,3,992.43,United States,San Antonio
2024-03-15,Central,Consumer,Furniture,Chairs,3819.29,7,632.08,United States,Los Angeles
2024-05-17,East,Consumer,Furniture,Bookcases,2378.98,8,1357.32,United States,San Diego
2024-12-03,Central,Consumer,Furniture,Bookcases,3634.72,6,1368.0,United States,Philadelphia
2024-03-23,East,Consumer,Technology,Laptops,2566.3,6,1161.45,United States,Phoenix
2024-01-11,West,Consumer,Furniture,Chairs,674.79,2,758.75,United States,Philadelphia
2024-11-06,East,Consumer,Technology,Phones,4654.54,4,914.77,United States,Philadelphia
2024-05-17,East,Consumer,Furniture,Bookcases,2378.98,8,1357.32,United States,San Jose
2024-10-29,South,Consumer,Office Supplies,Binders,197.5,4,195.52,United States,Dallas
2024-04-13,West,Home Office,Furniture,Chairs,1812.34,2,3.79,United States,San Antonio
2024-01-09,Central,Consumer,Technology,Accessories,1756.77,2,1111.55,United States,Phoenix
2024-10-26,Central,Consumer,Furniture,Chairs,1686.29,3,-132.1,United States,San Diego
2024-02-01,Central,Corporate,Office Supplies,Paper,4457.49,1,1405.03,United States,New York
2024-06-18,Central,Consumer,Furniture,Bookcases,4006.74,7,1312.13,United States,Houston
2024-12-26,Central,Corporate,Furniture,Tables,2885.04,9,1475.33,United States,San Diego
2024-11-26,East,Consumer,Furniture,Tables,2789.31,10,1026.01,United States,Houston
2024-12-25,West,Corporate,Furniture,Bookcases,2091.51,6,678.06,United States,Chicago
2024-08-28,Central,Corporate,Furniture,Chairs,3135.13,7,904.72,United States,Phoenix
2024-01-13,West,Corporate,Furniture,Chairs,1674.9,2,1443.71,United States,Philadelphia
2024-04-30,South,Corporate,Furniture,Chairs,124.59,5,793.98,United States,New York
2024-05-25,West,Home Office,Furniture,Chairs,3108.93,1,590.43,United States,Los Angeles
2024-11-26,South,Corporate,Furniture,Chairs,1141.93,2,517.81,United States,San Antonio
2024-06-10,East,Home Office,Furniture,Chairs,4120.57,9,669.16,United States,Los Angeles
2024-06-20,South,Corporate,Furniture,Chairs,2643.08,5,1010.95,United States,Philadelphia
2024-05-15,West,Home Office,Office Supplies,Storage,2112.1,1,646.66,United States,Los Angeles
2024-12-17,East,Home Office,Technology,Accessories,2951.29,2,-162.94,United States,San Jose
2024-02-09,Central,Consumer,Furniture,Chairs,2563.06,9,1219.7,United States,Houston
2024-06-09,South,Home Office,Technology,Phones,2051.89,7,292.18,United States,San Jose
2024-03-10,East,Corporate,Office Supplies,Storage,3874.74,7,377.79,United States,Phoenix
2024-03-18,South,Home Office,Furniture,Bookcases,3448.5,4,-52.63,United States,Chicago
2024-12-10,Central,Home Office,Furniture,Chairs,3321.58,10,772.88,United States,Dallas
2024-02-29,West,Home Office,Office Supplies,Paper,2936.58,2,1328.11,United States,Houston
2024-10-20,West,Home Office,Furniture,Bookcases,3706.5,1,1352.49,United States,Dallas
2024-03-26,Central,Consumer,Furniture,Chairs,2607.37,7,818.91,United States,Houston
2024-07-16,Central,Corporate,Office Supplies,Storage,3632.48,10,1284.58,United States,Phoenix
2024-10-22,West,Corporate,Furniture,Chairs,3936.79,2,19.99,United States,Philadelphia
2024-09-22,South,Home Office,Furniture,Chairs,244.3,7,677.42,United States,San Antonio
2024-10-23,Central,Home Office,Technology,Phones,700.49,5,355.42,United States,Philadelphia
2024-10-30,West,Consumer,Furniture,Bookcases,3166.23,1,1314.36,United States,Los Angeles
2024-09-26,East,Home Office,Office Supplies,Storage,3368.76,9,415.11,United States,San Antonio
2024-01-02,Central,Home Office,Office Supplies,Paper,1527.85,10,785.87,United States,Philadelphia
2024-03-27,East,Home Office,Furniture,Tables,3184.46,9,666.92,United States,New York
2024-04-21,South,Corporate,Furniture,Chairs,349.23,10,1351.68,United States,Chicago
2024-03-24,South,Consumer,Office Supplies,Binders,4006.01,1,301.34,United States,Philadelphia
2024-05-08,West,Home Office,Furniture,Tables,3143.92,10,848.34,United States,Los Angeles
2024-11-18,East,Corporate,Furniture,Bookcases,3634.17,10,1387.62,United States,Houston
2024-05-29,Central,Home Office,Technology,Laptops,3240.99,5,1309.08,United States,San Jose
2024-08-20,South,Corporate,Office Supplies,Paper,443.05,10,-188.83,United States,Dallas
2024-11-26,East,Consumer,Furniture,Tables,2789.31,10,1026.01,United States,San Antonio
2024-01-07,Central,Corporate,Technology,Accessories,1969.61,2,1032.23,United States,Los Angeles
2024-10-22,West,Corporate,Furniture,Chairs,3936.79,2,19.99,United States,San Jose
2024-03-13,West,Home Office,Technology,Phones,3634.87,7,1444.36,United States,New York
2024-02-16,South,Consumer,Office Supplies,Paper,1359.07,2,573.14,United States,San Antonio
2024-03-20,East,Consumer,Office Supplies,Storage,2328.83,3,35.29,United States,Los Angeles
2024-01-15,West,Consumer,Office Supplies,Storage,4382.14,4,1222.86,United States,San Jose
2024-06-09,Central,Consumer,Furniture,Tables,4476.87,5,110.73,United States,San Antonio
2024-12-20,West,Home Office,Office Supplies,Binders,4085.46,2,458.59,United States,Philadelphia
2024-02-10,Central,Consumer,Office Supplies,Storage,533.54,4,1225.75,United States,Philadelphia
2024-04-07,South,Home Office,Office Supplies,Storage,1038.35,4,1283.66,United States,San Diego
2024-01-19,West,Corporate,Technology,Accessories,819.16,8,1316.5,United States,Dallas
2024-05-14,South,Corporate,Technology,Phones,1353.83,5,759.22,United States,New York
2024-06-03,South,Consumer,Technology,Laptops,741.9,1,317.42,United States,Los Angeles
2024-03-26,Central,Consumer,Office Supplies,Paper,3761.39,5,1045.99,United States,New York
2024-01-17,Central,Corporate,Furniture,Tables,940.91,3,1101.91,United States,San Diego
2024-01-10,Central,Consumer,Office Supplies,Storage,1122.14,10,1487.72,United States,San Antonio
2024-06-21,South,Home Office,Technology,Laptops,2836.48,8,1186.77,United States,Los Angeles
2024-08-20,South,Corporate,Office Supplies,Paper,443.05,10,-188.83,United States,Phoenix
2024-10-23,Central,Home Office,Technology,Phones,700.49,5,355.42,United States,New York
2024-01-07,Central,Corporate,Technology,Accessories,1969.61,2,1032.23,United States,San Diego
2024-06-25,South,Home Office,Technology,Laptops,733.44,2,1071.28,United States,San Antonio
2024-12-15,Central,Corporate,Furniture,Chairs,4583.87,2,455.99,United States,New York
2024-10-29,South,Consumer,Office Supplies,Binders,197.5,4,195.52,United States,San Jose
2024-01-09,West,Consumer,Technology,Laptops,383.09,10,-142.92,United States,San Antonio
2024-06-06,South,Consumer,Technology,Accessories,495.74,7,659.26,United States,Los Angeles
2024-03-15,West,Corporate,Technology,Phones,4038.06,3,516.59,United States,Los Angeles
2024-03-31,Central,Consumer,Furniture,Tables,158.47,10,997.98,United States,San Jose
2024-04-30,South,Consumer,Furniture,Bookcases,4710.9,10,218.57,United States,Houston
2024-06-14,East,Consumer,Furniture,Bookcases,1363.57,3,1060.92,United States,Los Angeles
2024-12-09,Central,Home Office,Technology,Phones,4686.44,2,835.52,United States,San Jose
2024-08-18,Central,Corporate,Furniture,Bookcases,2247.5,2,775.67,United States,Phoenix
2024-11-22,South,Consumer,Office Supplies,Binders,4369.96,10,283.38,United States,Phoenix
2024-08-03,South,Consumer,Office Supplies,Paper,441.6,6,187.97,United States,San Antonio
2024-09-14,South,Consumer,Technology,Accessories,4093.61,10,35.28,United States,Chicago
2024-09-30,South,Corporate,Technology,Laptops,3152.66,8,1283.05,United States,Philadelphia
2024-01-14,Central,Consumer,Technology,Laptops,2612.86,9,120.7,United States,New York
2024-02-19,West,Home Office,Technology,Phones,721.54,8,430.72,United States,San Diego
2024-11-24,South,Home Office,Technology,Accessories,4906.69,9,362.95,United States,Dallas
2024-06-08,East,Home Office,Office Supplies,Binders,2069.55,4,1486.84,United States,San Diego
2024-11-09,Central,Corporate,Furniture,Bookcases,3259.86,9,1174.97,United States,Philadelphia
2024-07-15,South,Home Office,Office Supplies,Binders,3298.07,5,1009.73,United States,Philadelphia
2024-10-17,East,Home Office,Furniture,Bookcases,2333.26,9,-75.65,United States,Chicago
2024-03-23,East,Consumer,Technology,Laptops,2566.3,6,1161.45,United States,Los Angeles
2024-07-15,West,Consumer,Technology,Accessories,4659.24,1,739.87,United States,San Antonio
2024-02-09,Central,Consumer,Technology,Accessories,2535.1,1,104.89,United States,San Diego
2024-10-18,East,Home Office,Technology,Accessories,4802.54,2,1410.9,United States,Los Angeles
2024-06-06,South,Consumer,Technology,Accessories,495.74,7,659.26,United States,New York
2024-02-12,South,Consumer,Office Supplies,Paper,2181.51,3,727.31,United States,San Diego
2024-01-14,East,Consumer,Office Supplies,Paper,4811.46,10,798.11,United States,San Antonio
2024-11-19,West,Corporate,Technology,Accessories,3190.77,1,568.49,United States,New York
2024-05-14,South,Corporate,Technology,Phones,1353.83,5,759.22,United States,San Antonio
2024-11-22,South,Consumer,Office Supplies,Binders,4369.96,10,283.38,United States,San Diego
2024-10-03,South,Home Office,Office Supplies,Storage,3724.23,3,1305.2,United States,San Diego
2024-02-10,Central,Consumer,Office Supplies,Storage,533.54,4,1225.75,United States,Chicago
2024-06-29,Central,Home Office,Office Supplies,Paper,4957.74,6,1236.25,United States,Philadelphia
2024-02-01,South,Corporate,Office Supplies,Binders,2160.05,2,633.46,United States,New York
2024-05-14,East,Corporate,Office Supplies,Paper,2534.02,3,1095.46,United States,San Diego
2024-08-23,East,Home Office,Furniture,Chairs,3346.74,4,603.8,United States,Houston
2024-02-02,South,Corporate,Office Supplies,Binders,3901.18,9,809.23,United States,San Antonio
2024-10-26,East,Home Office,Office Supplies,Binders,4248.84,6,1377.68,United States,Chicago
2024-08-04,West,Corporate,Technology,Phones,400.6,7,-48.14,United States,Chicago
2024-09-28,West,Home Office,Furniture,Bookcases,1202.54,2,502.61,United States,San Diego
2024-03-06,Central,Home Office,Furniture,Tables,4051.3,3,1409.77,United States,San Jose
2024-09-05,Central,Home Office,Furniture,Bookcases,3823.16,1,-30.72,United States,Dallas
2024-05-05,South,Home Office,Technology,Phones,3424.91,3,88.97,United States,Los Angeles
2024-06-24,East,Home Office,Technology,Phones,3248.33,1,221.16,United States,Houston
2024-03-18,South,Home Office,Furniture,Bookcases,3448.5,4,-52.63,United States,Los Angeles
2024-06-09,Central,Consumer,Furniture,Tables,4476.87,5,110.73,United States,New York
2024-01-02,South,Corporate,Furniture,Tables,4636.26,8,284.92,United States,Chicago
2024-04-29,Central,Home Office,Furniture,Tables,3953.38,6,1169.39,United States,San Antonio
2024-11-21,East,Home Office,Technology,Phones,3366.62,6,559.27,United States,Philadelphia
2024-11-16,South,Consumer,Technology,Laptops,530.09,4,90.41,United States,San Diego
2024-10-11,West,Corporate,Office Supplies,Binders,1479.73,3,334.79,United States,Phoenix
2024-08-04,West,Home Office,Office Supplies,Storage,3788.56,4,1012.01,United States,San Jose
2024-01-22,South,Home Office,Technology,Accessories,1598.84,10,1396.54,United States,Phoenix
2024-01-05,South,Corporate,Technology,Laptops,1533.07,7,1156.54,United States,Dallas
2024-11-13,East,Corporate,Office Supplies,Binders,3304.0,10,688.73,United States,Dallas
2024-11-23,East,Consumer,Technology,Accessories,3372.36,7,417.63,United States,Philadelphia
2024-12-29,East,Consumer,Technology,Phones,4253.44,2,951.14,United States,San Antonio
2024-12-29,Central,Home Office,Office Supplies,Storage,2755.74,10,134.0,United States,Los Angeles
2024-03-12,East,Consumer,Technology,Phones,355.26,4,22.22,United States,San Diego
2024-01-06,West,Home Office,Office Supplies,Binders,1444.05,2,323.21,United States,Houston
2024-09-25,South,Consumer,Office Supplies,Storage,4262.75,8,263.82,United States,Houston
2024-08-30,West,Corporate,Office Supplies,Storage,4047.11,4,-39.65,United States,Dallas
2024-07-16,Central,Consumer,Office Supplies,Paper,2506.21,8,424.49,United States,Chicago
2024-09-28,West,Home Office,Furniture,Bookcases,1202.54,2,502.61,United States,Houston
2024-02-10,South,Home Office,Office Supplies,Storage,702.39,8,-34.65,United States,New York
2024-10-30,West,Consumer,Furniture,Bookcases,3166.23,1,1314.36,United States,Houston
2024-03-24,South,Home Office,Furniture,Tables,1323.46,3,-176.06,United States,New York
2024-09-24,South,Consumer,Office Supplies,Storage,2101.49,3,763.21,United States,Philadelphia
2024-03-31,Central,Consumer,Furniture,Tables,158.47,10,997.98,United States,Chicago
2024-08-03,South,Consumer,Office Supplies,Paper,441.6,6,187.97,United States,Phoenix
2024-09-23,Central,Corporate,Technology,Accessories,4445.47,3,382.65,United States,Houston
2024-02-24,East,Consumer,Technology,Laptops,2487.49,7,-18.17,United States,San Antonio
2024-01-20,East,Corporate,Technology,Accessories,4166.9,2,895.93,United States,Philadelphia
2024-07-05,East,Corporate,Furniture,Tables,1089.88,4,933.79,United States,San Jose
2024-08-07,South,Corporate,Technology,Laptops,4828.37,7,-192.06,United States,New York
2024-05-30,South,Consumer,Technology,Phones,2295.93,5,1452.21,United States,New York
2024-10-22,West,Consumer,Technology,Phones,3300.84,4,1240.37,United States,Dallas
2024-01-09,Central,Consumer,Technology,Accessories,1756.77,2,1111.55,United States,Los Angeles
2024-06-17,West,Home Office,Furniture,Chairs,64.04,3,1478.8,United States,New York
2024-09-14,West,Consumer,Office Supplies,Binders,4748.81,8,93.89,United States,Philadelphia
2024-01-23,East,Corporate,Technology,Accessories,3867.04,5,74.69,United States,Houston
2024-02-29,West,Corporate,Furniture,Tables,3482.51,9,460.39,United States,New York
2024-01-12,West,Consumer,Furniture,Chairs,1864.63,1,437.83,United States,New York
2024-11-22,South,Consumer,Office Supplies,Binders,4369.96,10,283.38,United States,New York
2024-11-09,West,Home Office,Office Supplies,Storage,1199.3,1,410.74,United States,Dallas
2024-04-30,South,Consumer,Furniture,Bookcases,4710.9,10,218.57,United States,San Jose
2024-10-20,West,Home Office,Furniture,Bookcases,3706.5,1,1352.49,United States,New York
2024-05-08,West,Home Office,Furniture,Tables,3143.92,10,848.34,United States,Philadelphia
2024-06-03,South,Home Office,Furniture,Tables,556.44,9,1499.03,United States,Dallas
2024-12-10,South,Home Office,Technology,Accessories,1927.42,4,220.77,United States,Dallas
2024-01-04,West,Corporate,Office Supplies,Binders,4729.35,3,1099.07,United States,New York
2024-12-04,West,Corporate,Office Supplies,Binders,4065.3,2,618.58,United States,San Antonio
2024-11-22,South,Consumer,Office Supplies,Binders,4369.96,10,283.38,United States,San Antonio
2024-11-23,East,Corporate,Furniture,Tables,2812.2,7,1197.45,United States,San Antonio
2024-01-19,South,Consumer,Technology,Laptops,1606.86,6,-2.93,United States,Houston
2024-06-04,Central,Home Office,Technology,Laptops,328.05,9,-73.88,United States,Los Angeles
2024-10-22,Central,Consumer,Furniture,Tables,3827.45,8,1493.15,United States,Los Angeles
2024-02-02,South,Corporate,Office Supplies,Binders,3901.18,9,809.23,United States,Los Angeles
2024-08-28,Central,Home Office,Office Supplies,Storage,90.48,2,532.58,United States,Los Angeles
2024-09-08,South,Consumer,Office Supplies,Storage,3677.22,6,87.75,United States,Los Angeles
2024-03-18,South,Consumer,Office Supplies,Storage,674.92,10,364.39,United States,Los Angeles
2024-02-24,Central,Home Office,Furniture,Bookcases,2562.93,4,59.83,United States,Dallas
2024-09-20,East,Consumer,Office Supplies,Storage,2735.52,9,341.42,United States,New York
2024-06-26,Central,Corporate,Furniture,Chairs,3144.89,4,1493.19,United States,San Diego
2024-10-26,Central,Consumer,Furniture,Chairs,1686.29,3,-132.1,United States,Philadelphia
2024-05-30,West,Home Office,Technology,Accessories,2675.97,9,1200.27,United States,Philadelphia
2024-09-08,South,Consumer,Office Supplies,Storage,3677.22,6,87.75,United States,Phoenix
2024-02-15,West,Consumer,Furniture,Tables,2524.6,10,375.32,United States,Dallas
2024-03-01,Central,Consumer,Technology,Laptops,829.61,2,-174.06,United States,Los Angeles
2024-12-16,East,Consumer,Office Supplies,Storage,1976.06,1,1167.43,United States,Phoenix
2024-10-20,East,Corporate,Technology,Laptops,3285.73,4,-94.39,United States,New York
2024-01-28,East,Corporate,Technology,Laptops,2643.71,2,-23.32,United States,Chicago
2024-05-14,West,Corporate,Furniture,Bookcases,510.4,6,-70.75,United States,Philadelphia
2024-07-04,East,Home Office,Technology,Phones,1868.31,6,-97.06,United States,Phoenix
2024-08-21,East,Corporate,Furniture,Chairs,3537.94,5,426.2,United States,San Jose
2024-03-10,South,Consumer,Office Supplies,Binders,4962.81,3,992.43,United States,Dallas
2024-09-25,Central,Consumer,Technology,Phones,605.54,1,1122.24,United States,San Jose
2024-10-18,East,Home Office,Technology,Accessories,4802.54,2,1410.9,United States,San Diego
2024-03-04,West,Corporate,Technology,Phones,2309.76,7,143.94,United States,San Antonio
2024-12-03,Central,Home Office,Furniture,Chairs,253.91,1,-61.92,United States,San Jose
2024-03-13,East,Consumer,Technology,Phones,3743.25,4,439.53,United States,Houston
2024-12-08,Central,Consumer,Technology,Phones,1364.79,3,941.87,United States,Houston
2024-09-14,West,Consumer,Office Supplies,Binders,4748.81,8,93.89,United States,Houston
2024-06-14,West,Home Office,Office Supplies,Paper,3654.77,9,685.57,United States,Los Angeles
2024-09-18,West,Corporate,Office Supplies,Paper,2774.21,1,1106.04,United States,Philadelphia
2024-07-16,West,Home Office,Office Supplies,Storage,4465.71,10,-107.24,United States,Dallas
2024-05-14,West,Consumer,Furniture,Chairs,4616.77,7,661.24,United States,Chicago
2024-04-16,South,Corporate,Office Supplies,Paper,1210.8,1,941.78,United States,San Diego
2024-05-13,Central,Corporate,Technology,Accessories,4263.51,8,-108.75,United States,Dallas
2024-03-21,East,Home Office,Office Supplies,Storage,446.55,3,-83.51,United States,Chicago
2024-01-05,East,Home Office,Technology,Phones,3928.2,8,970.29,United States,Houston
2024-05-02,East,Consumer,Technology,Accessories,4396.15,2,-54.39,United States,Phoenix
2024-03-19,West,Corporate,Technology,Accessories,1188.59,10,1216.72,United States,San Antonio
2024-01-06,West,Home Office,Office Supplies,Binders,1444.05,2,323.21,United States,New York
2024-08-07,South,Corporate,Technology,Laptops,4828.37,7,-192.06,United States,San Antonio
2024-02-05,East,Home Office,Office Supplies,Binders,3267.6,8,397.02,United States,Los Angeles
2024-02-20,West,Consumer,Furniture,Tables,1116.56,5,610.12,United States,San Diego
2024-08-30,East,Corporate,Technology,Phones,3935.14,8,631.46,United States,San Jose
2024-12-13,West,Home Office,Office Supplies,Paper,530.96,1,325.19,United States,Phoenix
2024-09-07,West,Home Office,Office Supplies,Paper,2406.66,8,561.9,United States,San Diego
2024-02-28,West,Home Office,Technology,Accessories,4986.46,3,958.91,United States,Phoenix
2024-07-05,South,Consumer,Office Supplies,Paper,3513.09,6,1140.92,United States,San Diego
2024-06-24,East,Corporate,Technology,Phones,2277.8,1,364.19,United States,Philadelphia
2024-06-19,South,Home Office,Furniture,Chairs,4327.12,4,253.57,United States,San Jose
2024-09-26,West,Consumer,Furniture,Chairs,224.02,6,1262.63,United States,Chicago
2024-12-02,South,Home Office,Office Supplies,Paper,3138.65,10,235.1,United States,Chicago
2024-03-26,East,Home Office,Furniture,Chairs,374.09,4,1270.42,United States,Chicago
2024-08-17,Central,Home Office,Office Supplies,Storage,1614.89,8,-83.91,United States,Los Angeles
2024-03-17,South,Home Office,Office Supplies,Paper,2447.49,6,738.26,United States,San Jose
2024-01-13,Central,Home Office,Furniture,Tables,1145.77,2,880.19,United States,Philadelphia
2024-05-17,South,Home Office,Furniture,Chairs,3044.6,1,1285.15,United States,San Jose
2024-05-30,West,Home Office,Technology,Accessories,2675.97,9,1200.27,United States,San Diego
2024-03-19,South,Home Office,Furniture,Tables,3930.26,3,1057.41,United States,New York
2024-12-26,East,Consumer,Office Supplies,Storage,3715.68,7,546.24,United States,Philadelphia
2024-02-05,West,Corporate,Office Supplies,Binders,1513.58,5,720.73,United States,Los Angeles
2024-06-14,West,Home Office,Office Supplies,Paper,3654.77,9,685.57,United States,New York
2024-11-06,South,Consumer,Furniture,Bookcases,2996.2,5,998.95,United States,Philadelphia
2024-11-24,South,Home Office,Technology,Accessories,4906.69,9,362.95,United States,Los Angeles
2024-02-14,Central,Corporate,Technology,Phones,729.32,4,892.51,United States,San Diego
2024-12-03,Central,Consumer,Furniture,Bookcases,3634.72,6,1368.0,United States,New York
2024-12-10,East,Corporate,Technology,Accessories,2939.33,1,814.75,United States,San Jose
2024-01-13,West,Corporate,Furniture,Chairs,1674.9,2,1443.71,United States,Dallas
2024-12-15,Central,Corporate,Furniture,Chairs,4583.87,2,455.99,United States,Los Angeles
2024-12-29,East,Home Office,Furniture,Chairs,2636.58,9,-187.77,United States,New York
2024-02-22,East,Corporate,Furniture,Tables,528.75,6,826.33,United States,Philadelphia
2024-09-24,South,Corporate,Office Supplies,Binders,4547.1,5,1262.28,United States,Philadelphia
2024-09-25,West,Corporate,Technology,Accessories,1895.62,5,458.61,United States,Houston
2024-04-29,Central,Consumer,Furniture,Bookcases,57.83,1,590.31,United States,Dallas
2024-03-10,Central,Consumer,Technology,Phones,4746.68,6,1230.74,United States,New York
2024-12-27,South,Home Office,Technology,Laptops,97.87,2,1406.59,United States,Philadelphia
2024-01-11,South,Consumer,Technology,Accessories,1787.9,10,138.23,United States,New York
2024-12-05,South,Home Office,Office Supplies,Paper,1915.28,3,581.43,United States,Philadelphia
2024-08-22,East,Corporate,Technology,Phones,3369.97,8,697.12,United States,Philadelphia
2024-12-21,South,Corporate,Office Supplies,Paper,2837.68,4,1087.7,United States,Philadelphia
2024-01-02,South,Corporate,Furniture,Chairs,3462.39,8,295.14,United States,Dallas
2024-01-05,South,Corporate,Technology,Laptops,1533.07,7,1156.54,United States,San Jose
2024-08-03,South,Consumer,Office Supplies,Paper,441.6,6,187.97,United States,Dallas
2024-11-28,West,Corporate,Office Supplies,Storage,1807.79,9,628.74,United States,San Diego
2024-06-08,East,Home Office,Office Supplies,Binders,2069.55,4,1486.84,United States,San Antonio
2024-09-25,Central,Corporate,Technology,Laptops,759.31,2,1197.64,United States,Phoenix
2024-05-08,South,Consumer,Furniture,Bookcases,2606.04,6,1189.3,United States,Houston
2024-12-09,West,Corporate,Office Supplies,Storage,2184.92,6,859.36,United States,Chicago
2024-01-07,Central,Corporate,Technology,Accessories,1969.61,2,1032.23,United States,Los Angeles
2024-12-01,West,Corporate,Technology,Phones,385.68,9,1412.62,United States,Philadelphia
2024-12-07,East,Consumer,Furniture,Bookcases,3357.3,9,503.78,United States,Philadelphia
2024-01-01,South,Corporate,Technology,Laptops,318.31,9,415.02,United States,Philadelphia
2024-04-17,Central,Consumer,Technology,Laptops,1003.1,5,704.87,United States,San Antonio
2024-01-23,Central,Home Office,Furniture,Tables,2391.23,7,456.33,United States,Houston
2024-03-04,West,Corporate,Technology,Phones,2309.76,7,143.94,United States,Dallas
2024-04-07,South,Home Office,Office Supplies,Storage,1038.35,4,1283.66,United States,Dallas
2024-12-09,West,Corporate,Office Supplies,Storage,2184.92,6,859.36,United States,Phoenix
2024-07-25,East,Corporate,Furniture,Tables,916.42,9,-19.01,United States,Los Angeles
2024-07-10,East,Corporate,Office Supplies,Binders,3796.4,9,123.98,United States,San Jose
2024-10-01,East,Home Office,Office Supplies,Storage,591.12,8,1205.92,United States,Philadelphia
2024-12-19,West,Consumer,Office Supplies,Storage,1121.1,8,270.05,United States,Phoenix
2024-12-25,West,Corporate,Furniture,Bookcases,2091.51,6,678.06,United States,Houston
2024-08-14,East,Consumer,Technology,Laptops,1371.93,3,1377.04,United States,San Antonio
2024-10-14,West,Home Office,Office Supplies,Storage,3253.24,7,203.91,United States,San Diego
2024-04-29,East,Home Office,Technology,Accessories,1073.53,6,459.76,United States,Phoenix
2024-01-29,West,Consumer,Office Supplies,Paper,1590.06,9,485.75,United States,Houston
2024-02-14,Central,Home Office,Office Supplies,Paper,1769.76,2,735.0,United States,San Antonio
2024-12-19,South,Corporate,Office Supplies,Binders,2425.03,9,1387.29,United States,Dallas
2024-12-01,East,Consumer,Office Supplies,Binders,4758.9,8,588.72,United States,San Antonio
2024-02-24,Central,Home Office,Office Supplies,Paper,2320.67,7,1300.8,United States,Chicago
2024-05-23,East,Corporate,Furniture,Chairs,2670.69,10,1499.33,United States,San Diego
2024-12-17,Central,Home Office,Furniture,Tables,478.2,8,448.4,United States,San Antonio
2024-01-24,East,Home Office,Technology,Accessories,3842.59,5,-161.78,United States,San Diego
2024-05-15,West,Home Office,Office Supplies,Storage,2112.1,1,646.66,United States,Philadelphia
2024-12-08,South,Home Office,Technology,Accessories,866.97,8,1363.22,United States,San Jose
2024-09-07,South,Corporate,Office Supplies,Binders,211.95,6,169.36,United States,Chicago
2024-01-11,South,Consumer,Technology,Accessories,1787.9,10,138.23,United States,New York
2024-12-17,Central,Home Office,Furniture,Chairs,3499.55,1,165.54,United States,Houston
2024-02-05,Central,Consumer,Office Supplies,Paper,4255.4,8,-20.58,United States,Philadelphia
2024-01-17,West,Consumer,Furniture,Chairs,2452.58,2,-145.91,United States,Philadelphia
2024-10-17,West,Consumer,Technology,Accessories,3074.22,7,1205.88,United States,Los Angeles
2024-01-09,Central,Consumer,Technology,Accessories,1756.77,2,1111.55,United States,San Antonio
2024-09-15,South,Home Office,Technology,Laptops,2257.27,3,1064.21,United States,San Jose
2024-12-27,South,Home Office,Technology,Laptops,97.87,2,1406.59,United States,Dallas
2024-10-10,Central,Corporate,Technology,Accessories,4983.33,9,362.35,United States,Los Angeles
2024-01-22,South,Home Office,Technology,Accessories,1598.84,10,1396.54,United States,Dallas
2024-03-31,Central,Consumer,Furniture,Tables,158.47,10,997.98,United States,San Jose
2024-12-04,Central,Home Office,Office Supplies,Binders,698.69,7,62.23,United States,San Antonio
2024-10-19,South,Consumer,Technology,Phones,3338.64,2,689.92,United States,San Diego
2024-12-07,East,Consumer,Furniture,Bookcases,3357.3,9,503.78,United States,Dallas
2024-06-16,Central,Corporate,Technology,Laptops,1396.18,2,1404.04,United States,Dallas
2024-07-13,East,Home Office,Office Supplies,Storage,1512.13,4,1012.28,United States,New York
2024-12-20,West,Home Office,Office Supplies,Binders,4085.46,2,458.59,United States,San Diego
2024-04-22,South,Home Office,Technology,Phones,756.43,10,1194.77,United States,Los Angeles
2024-06-06,West,Corporate,Furniture,Tables,3446.06,5,973.49,United States,Los Angeles
2024-06-06,South,Consumer,Technology,Accessories,495.74,7,659.26,United States,Dallas
2024-01-21,West,Home Office,Office Supplies,Binders,1559.39,8,468.78,United States,Houston
2024-07-12,East,Corporate,Office Supplies,Paper,4953.97,8,789.81,United States,Houston
2024-11-28,Central,Corporate,Technology,Laptops,4503.09,8,5.71,United States,San Antonio
2024-03-08,West,Consumer,Furniture,Chairs,3131.67,5,-179.25,United States,San Diego
2024-12-05,Central,Home Office,Office Supplies,Binders,3047.89,3,512.0,United States,Los Angeles
2024-03-04,East,Consumer,Office Supplies,Binders,3545.82,6,-54.98,United States,Dallas
2024-06-23,West,Consumer,Technology,Accessories,1299.77,8,-6.05,United States,Philadelphia
2024-05-25,South,Home Office,Technology,Phones,3352.31,1,174.88,United States,Chicago
2024-05-30,West,Consumer,Technology,Phones,3965.99,1,336.51,United States,Dallas
2024-03-08,West,Consumer,Furniture,Chairs,3131.67,5,-179.25,United States,San Diego
2024-08-03,South,Consumer,Office Supplies,Paper,441.6,6,187.97,United States,Phoenix
2024-06-30,West,Consumer,Technology,Phones,1411.16,8,1301.82,United States,Houston
2024-04-17,West,Home Office,Technology,Accessories,4175.16,1,214.24,United States,Phoenix
2024-08-06,East,Corporate,Technology,Phones,2380.54,2,980.85,United States,Philadelphia
2024-01-25,East,Corporate,Furniture,Bookcases,730.58,4,-84.45,United States,Philadelphia
2024-09-23,Central,Corporate,Technology,Accessories,4445.47,3,382.65,United States,Dallas
2024-12-14,East,Home Office,Office Supplies,Binders,4429.7,5,1106.62,United States,San Diego
2024-03-01,Central,Consumer,Technology,Laptops,829.61,2,-174.06,United States,San Antonio
2024-02-09,Central,Consumer,Office Supplies,Paper,2841.59,10,1218.91,United States,Philadelphia
2024-09-18,West,Corporate,Office Supplies,Paper,2774.21,1,1106.04,United States,San Diego
2024-10-10,Central,Consumer,Furniture,Tables,1962.43,8,1099.49,United States,Phoenix
2024-06-03,South,Home Office,Furniture,Tables,556.44,9,1499.03,United States,San Diego
2024-06-14,East,Consumer,Furniture,Bookcases,1363.57,3,1060.92,United States,San Antonio
2024-10-10,East,Corporate,Office Supplies,Binders,4101.11,7,1441.57,United States,Dallas
2024-02-13,South,Corporate,Office Supplies,Binders,1185.31,5,553.37,United States,Los Angeles
2024-12-27,South,Home Office,Furniture,Tables,1508.84,8,122.62,United States,Dallas
2024-11-14,South,Consumer,Technology,Laptops,1637.19,3,-115.63,United States,Chicago
2024-09-18,East,Home Office,Technology,Laptops,615.32,9,1199.58,United States,Houston
2024-10-13,South,Home Office,Technology,Accessories,3302.98,8,-6.16,United States,San Antonio
2024-06-27,Central,Home Office,Furniture,Bookcases,2368.55,10,1354.61,United States,Philadelphia
2024-06-20,East,Home Office,Office Supplies,Binders,1912.56,5,-23.29,United States,New York
2024-12-03,Central,Consumer,Furniture,Bookcases,3634.72,6,1368.0,United States,Dallas
2024-09-13,South,Home Office,Furniture,Tables,3650.64,3,681.76,United States,Los Angeles
2024-08-23,Central,Consumer,Furniture,Chairs,483.23,1,102.59,United States,San Jose
2024-02-09,South,Corporate,Office Supplies,Storage,2578.37,1,649.34,United States,Chicago
2024-06-09,South,Corporate,Office Supplies,Binders,3342.28,6,1421.11,United States,San Jose
2024-01-05,Central,Home Office,Office Supplies,Storage,562.75,3,249.59,United States,Los Angeles
2024-09-02,South,Home Office,Technology,Laptops,3751.95,9,286.08,United States,Los Angeles
2024-10-17,West,Consumer,Technology,Accessories,3074.22,7,1205.88,United States,San Antonio
2024-03-08,West,Home Office,Technology,Phones,3415.91,1,-186.29,United States,Dallas
2024-06-10,West,Home Office,Office Supplies,Storage,2521.19,8,42.88,United States,Dallas
2024-12-04,West,Corporate,Office Supplies,Binders,4065.3,2,618.58,United States,New York
2024-12-10,South,Home Office,Technology,Accessories,1927.42,4,220.77,United States,Dallas
2024-10-22,Central,Consumer,Furniture,Tables,3827.45,8,1493.15,United States,San Diego
2024-06-15,Central,Corporate,Technology,Laptops,3297.79,5,120.21,United States,Los Angeles
2024-03-26,South,Corporate,Technology,Accessories,3085.01,1,972.92,United States,Phoenix
2024-10-04,East,Home Office,Office Supplies,Storage,1602.34,1,793.1,United States,Phoenix
2024-06-24,East,Corporate,Technology,Phones,2277.8,1,364.19,United States,Los Angeles
2024-01-15,South,Corporate,Technology,Accessories,950.11,4,403.2,United States,Chicago
2024-01-06,West,Home Office,Office Supplies,Binders,1444.05,2,323.21,United States,San Antonio
2024-09-03,East,Home Office,Technology,Accessories,4416.07,8,81.53,United States,Philadelphia
2024-01-21,Central,Consumer,Technology,Phones,3533.49,9,877.06,United States,Houston
2024-07-07,West,Corporate,Office Supplies,Binders,3877.98,10,946.0,United States,Philadelphia
2024-03-23,Central,Corporate,Office Supplies,Binders,3483.68,5,926.39,United States,Los Angeles
2024-12-13,South,Home Office,Office Supplies,Binders,2132.39,1,985.99,United States,Houston
2024-09-25,West,Corporate,Technology,Accessories,1895.62,5,458.61,United States,Los Angeles
2024-05-31,Central,Corporate,Office Supplies,Paper,2052.76,1,791.14,United States,Chicago
2024-12-16,East,Consumer,Office Supplies,Storage,1976.06,1,1167.43,United States,New York
2024-05-25,East,Corporate,Office Supplies,Binders,295.77,10,1125.71,United States,New York
2024-08-02,West,Corporate,Technology,Accessories,1136.14,7,625.59,United States,New York
2024-01-29,Central,Home Office,Office Supplies,Storage,3721.38,3,3.05,United States,Chicago
2024-01-28,Central,Consumer,Technology,Laptops,2448.81,4,1185.87,United States,Phoenix
2024-07-15,West,Consumer,Technology,Accessories,4659.24,1,739.87,United States,Phoenix
2024-03-13,East,Corporate,Office Supplies,Storage,2935.87,9,-126.08,United States,Los Angeles
2024-09-28,West,Home Office,Furniture,Bookcases,1202.54,2,502.61,United States,Dallas
2024-06-06,Central,Home Office,Furniture,Tables,3854.72,8,290.93,United States,San Diego
2024-04-05,East,Corporate,Office Supplies,Binders,1382.52,8,1036.08,United States,San Antonio
2024-11-28,Central,Consumer,Office Supplies,Binders,4378.4,5,-41.32,United States,San Antonio
2024-10-28,West,Corporate,Furniture,Bookcases,1568.77,5,16.49,United States,San Antonio
2024-01-20,East,Corporate,Technology,Accessories,4166.9,2,895.93,United States,San Antonio
2024-06-17,South,Home Office,Technology,Laptops,702.27,3,787.75,United States,Chicago
2024-04-08,East,Home Office,Technology,Laptops,1919.96,3,226.18,United States,Dallas
2024-11-22,South,Consumer,Office Supplies,Binders,4369.96,10,283.38,United States,Philadelphia
2024-04-06,East,Corporate,Office Supplies,Binders,1117.17,4,1018.54,United States,San Diego
2024-12-19,West,Consumer,Office Supplies,Storage,1121.1,8,270.05,United States,Houston
2024-02-13,South,Corporate,Office Supplies,Binders,1185.31,5,553.37,United States,Houston
2024-01-28,East,Corporate,Technology,Laptops,2643.71,2,-23.32,United States,San Jose
2024-08-17,Central,Home Office,Office Supplies,Storage,1614.89,8,-83.91,United States,San Diego
2024-02-01,Central,Corporate,Office Supplies,Paper,4457.49,1,1405.03,United States,New York
2024-04-30,South,Consumer,Furniture,Bookcases,4710.9,10,218.57,United States,San Jose
2024-08-24,South,Home Office,Office Supplies,Paper,327.31,9,308.88,United States,San Diego
2024-12-26,East,Home Office,Furniture,Tables,553.67,9,117.83,United States,San Antonio
2024-12-15,South,Home Office,Furniture,Bookcases,812.95,5,348.42,United States,Phoenix
2024-04-16,South,Corporate,Office Supplies,Paper,1210.8,1,941.78,United States,New York
2024-11-29,West,Corporate,Technology,Accessories,1639.78,1,1343.49,United States,Philadelphia
2024-09-20,West,Home Office,Furniture,Bookcases,760.71,7,-197.34,United States,San Antonio
2024-02-10,South,Home Office,Office Supplies,Storage,702.39,8,-34.65,United States,Houston
2024-05-27,East,Home Office,Office Supplies,Paper,3399.28,7,1322.79,United States,New York
2024-06-13,South,Corporate,Office Supplies,Storage,2238.69,4,669.0,United States,Dallas
2024-10-24,South,Home Office,Office Supplies,Binders,1103.17,1,737.71,United States,San Antonio
2024-03-13,East,Corporate,Office Supplies,Storage,2935.87,9,-126.08,United States,San Jose
2024-03-19,South,Home Office,Furniture,Tables,3930.26,3,1057.41,United States,San Jose
2024-03-08,West,Home Office,Technology,Phones,3415.91,1,-186.29,United States,Chicago
2024-11-06,East,Consumer,Technology,Phones,4654.54,4,914.77,United States,San Diego
2024-09-28,East,Home Office,Furniture,Bookcases,1654.57,1,-9.82,United States,Chicago
2024-03-21,Central,Corporate,Technology,Accessories,3621.9,10,813.58,United States,San Jose
2024-04-22,South,Home Office,Technology,Phones,756.43,10,1194.77,United States,Chicago
2024-12-24,West,Corporate,Office Supplies,Paper,3294.65,2,-198.15,United States,San Diego
2024-11-18,East,Corporate,Office Supplies,Binders,3920.48,6,615.46,United States,San Diego
2024-08-18,Central,Corporate,Furniture,Bookcases,2247.5,2,775.67,United States,Chicago
2024-12-08,South,Home Office,Technology,Accessories,866.97,8,1363.22,United States,San Antonio
2024-10-23,West,Home Office,Technology,Laptops,304.21,8,89.87,United States,Los Angeles
2024-06-14,West,Consumer,Technology,Accessories,3675.14,7,1146.13,United States,San Diego
2024-08-06,South,Consumer,Furniture,Chairs,3538.15,10,870.1,United States,New York
2024-07-20,South,Home Office,Office Supplies,Storage,2897.51,2,177.55,United States,Phoenix
2024-06-26,Central,Corporate,Furniture,Chairs,3144.89,4,1493.19,United States,San Antonio
2024-04-15,East,Home Office,Furniture,Chairs,1786.54,5,814.66,United States,Philadelphia
2024-05-30,South,Consumer,Office Supplies,Binders,4918.09,2,117.86,United States,Phoenix
2024-05-13,Central,Corporate,Technology,Accessories,4263.51,8,-108.75,United States,Dallas
2024-07-26,West,Consumer,Technology,Phones,3220.37,7,472.49,United States,San Antonio
2024-10-23,Central,Home Office,Technology,Phones,700.49,5,355.42,United States,Philadelphia
2024-09-15,South,Home Office,Technology,Laptops,2257.27,3,1064.21,United States,Houston
2024-11-22,South,Consumer,Office Supplies,Binders,4369.96,10,283.38,United States,Dallas
2024-12-24,West,Corporate,Office Supplies,Paper,3294.65,2,-198.15,United States,Phoenix
2024-11-19,East,Consumer,Furniture,Bookcases,383.63,1,1261.38,United States,San Antonio
2024-10-08,South,Consumer,Technology,Laptops,319.8,1,526.93,United States,San Antonio
2024-11-12,South,Consumer,Technology,Phones,2009.17,6,973.87,United States,Philadelphia
2024-09-20,East,Corporate,Furniture,Bookcases,251.14,5,746.22,United States,Dallas
2024-06-03,South,Consumer,Technology,Laptops,741.9,1,317.42,United States,San Antonio
2024-10-23,Central,Home Office,Technology,Phones,700.49,5,355.42,United States,New York
2024-07-25,East,Corporate,Office Supplies,Storage,1144.93,4,927.67,United States,San Jose
2024-12-08,Central,Consumer,Technology,Phones,1364.79,3,941.87,United States,Phoenix
2024-02-06,East,Consumer,Technology,Phones,3973.51,10,1073.23,United States,Los Angeles
2024-11-22,South,Home Office,Technology,Phones,968.39,1,853.55,United States,Phoenix
2024-03-21,South,Home Office,Technology,Accessories,3532.52,10,1472.55,United States,San Diego
2024-08-11,South,Home Office,Furniture,Chairs,439.3,5,1067.87,United States,New York
2024-08-04,West,Corporate,Technology,Phones,400.6,7,-48.14,United States,Los Angeles
2024-05-30,West,Consumer,Technology,Phones,3965.99,1,336.51,United States,New York
2024-07-25,East,Corporate,Furniture,Tables,916.42,9,-19.01,United States,Phoenix
2024-08-10,East,Home Office,Office Supplies,Binders,3534.26,2,554.25,United States,San Jose
2024-02-01,South,Corporate,Office Supplies,Binders,2160.05,2,633.46,United States,Chicago
2024-10-07,South,Consumer,Furniture,Chairs,3892.05,4,311.96,United States,Los Angeles
2024-09-05,East,Consumer,Furniture,Tables,1034.43,8,753.17,United States,Philadelphia
2024-09-22,South,Home Office,Furniture,Tables,632.92,5,996.86,United States,San Diego
2024-02-10,South,Home Office,Office Supplies,Paper,1468.29,3,1276.04,United States,Los Angeles
2024-10-01,East,Home Office,Office Supplies,Storage,591.12,8,1205.92,United States,San Diego
2024-05-08,East,Consumer,Office Supplies,Binders,3641.67,8,1417.62,United States,Houston
2024-12-09,Central,Home Office,Technology,Phones,4686.44,2,835.52,United States,New York
2024-10-26,East,Home Office,Technology,Accessories,1932.89,1,1402.66,United States,Philadelphia
2024-08-30,Central,Corporate,Technology,Phones,859.39,5,1073.23,United States,Los Angeles
2024-10-22,Central,Consumer,Furniture,Tables,3827.45,8,1493.15,United States,Chicago
2024-11-23,East,Consumer,Technology,Accessories,3372.36,7,417.63,United States,Philadelphia
2024-09-30,East,Home Office,Office Supplies,Paper,4973.67,2,911.06,United States,Houston
2024-12-11,East,Home Office,Office Supplies,Storage,4648.97,5,-150.78,United States,Chicago
2024-09-21,Central,Corporate,Furniture,Bookcases,1535.17,9,1259.45,United States,Los Angeles
2024-06-09,South,Corporate,Office Supplies,Binders,3342.28,6,1421.11,United States,Phoenix
2024-10-11,East,Home Office,Technology,Phones,4785.29,9,360.4,United States,Philadelphia
2024-03-04,West,Corporate,Technology,Phones,2309.76,7,143.94,United States,San Diego
2024-01-26,West,Consumer,Office Supplies,Paper,2380.14,1,-19.92,United States,Philadelphia
2024-07-25,East,Corporate,Furniture,Tables,916.42,9,-19.01,United States,Los Angeles
2024-04-06,Central,Home Office,Office Supplies,Storage,2404.36,3,1428.13,United States,New York
2024-04-06,West,Corporate,Technology,Accessories,144.67,4,1036.19,United States,Houston
2024-02-01,South,Home Office,Office Supplies,Binders,1729.55,2,222.72,United States,Houston
2024-10-07,Central,Corporate,Office Supplies,Storage,4973.41,9,301.33,United States,San Diego
2024-02-09,Central,Consumer,Technology,Accessories,2535.1,1,104.89,United States,Chicago
2024-11-10,South,Corporate,Technology,Laptops,196.65,5,1132.03,United States,San Jose
2024-02-21,Central,Corporate,Technology,Laptops,3083.25,5,118.16,United States,Houston
2024-12-30,Central,Corporate,Office Supplies,Paper,4482.64,6,580.3,United States,Phoenix
2024-12-29,East,Consumer,Technology,Phones,4253.44,2,951.14,United States,San Antonio
2024-03-19,South,Home Office,Furniture,Tables,3930.26,3,1057.41,United States,Chicago
2024-01-30,South,Home Office,Office Supplies,Binders,1631.95,3,1026.18,United States,Philadelphia
2024-11-28,West,Corporate,Office Supplies,Storage,1807.79,9,628.74,United States,Dallas
2024-10-22,West,Corporate,Furniture,Chairs,3936.79,2,19.99,United States,Los Angeles
2024-01-09,East,Home Office,Office Supplies,Paper,2780.64,1,-171.57,United States,Houston
2024-09-20,West,Home Office,Furniture,Bookcases,760.71,7,-197.34,United States,Philadelphia
2024-09-27,West,Home Office,Office Supplies,Paper,4894.69,1,1085.51,United States,New York
2024-02-05,West,Home Office,Furniture,Bookcases,3437.78,5,1495.62,United States,Philadelphia
2024-05-12,West,Home Office,Technology,Accessories,1422.69,9,623.81,United States,Dallas
2024-02-19,East,Corporate,Furniture,Chairs,4729.66,10,510.83,United States,San Jose
2024-03-26,Central,Consumer,Office Supplies,Paper,3761.39,5,1045.99,United States,Los Angeles
2024-09-25,Central,Corporate,Technology,Laptops,759.31,2,1197.64,United States,New York
2024-11-18,East,Corporate,Office Supplies,Binders,3920.48,6,615.46,United States,Los Angeles
2024-03-02,East,Corporate,Technology,Accessories,3747.72,3,19.62,United States,Philadelphia
2024-08-19,West,Corporate,Furniture,Tables,1727.71,8,477.84,United States,Dallas
2024-05-23,Central,Home Office,Technology,Accessories,100.25,4,-54.46,United States,Philadelphia
2024-11-24,Central,Consumer,Furniture,Bookcases,3667.41,10,448.63,United States,Dallas
2024-05-19,South,Home Office,Technology,Accessories,4260.82,7,903.04,United States,New York
2024-12-08,Central,Consumer,Technology,Phones,1364.79,3,941.87,United States,San Diego
2024-08-21,Central,Consumer,Office Supplies,Paper,4904.83,4,772.06,United States,Houston
2024-09-09,Central,Consumer,Office Supplies,Binders,2477.66,2,-104.51,United States,Philadelphia
2024-07-07,East,Corporate,Technology,Laptops,2891.8,7,1236.76,United States,San Jose
2024-09-21,Central,Corporate,Furniture,Bookcases,1535.17,9,1259.45,United States,Chicago
2024-03-26,South,Corporate,Technology,Accessories,3085.01,1,972.92,United States,Phoenix
2024-01-09,Central,Consumer,Technology,Accessories,1756.77,2,1111.55,United States,San Antonio
2024-12-25,West,Corporate,Furniture,Bookcases,2091.51,6,678.06,United States,Philadelphia
2024-12-09,West,Corporate,Office Supplies,Storage,2184.92,6,859.36,United States,Philadelphia
2024-05-29,Central,Home Office,Technology,Laptops,3240.99,5,1309.08,United States,Houston
2024-10-20,West,Corporate,Office Supplies,Paper,1529.32,7,1334.72,United States,Los Angeles
2024-06-11,West,Home Office,Technology,Laptops,4845.28,10,1137.89,United States,Phoenix
2024-04-23,West,Corporate,Furniture,Tables,1901.89,8,1112.98,United States,San Diego
2024-01-13,Central,Consumer,Office Supplies,Binders,1154.89,2,950.39,United States,New York
2024-03-15,Central,Consumer,Furniture,Chairs,3819.29,7,632.08,United States,Phoenix
2024-03-15,East,Consumer,Technology,Accessories,2201.65,7,309.58,United States,Chicago
2024-08-17,Central,Home Office,Office Supplies,Storage,1614.89,8,-83.91,United States,Houston
2024-02-15,West,Corporate,Technology,Laptops,1155.47,5,514.8,United States,Chicago
2024-06-04,Central,Home Office,Technology,Laptops,328.05,9,-73.88,United States,Phoenix
2024-09-28,Central,Corporate,Office Supplies,Paper,317.61,3,33.52,United States,Chicago
2024-12-26,East,Home Office,Furniture,Tables,553.67,9,117.83,United States,Chicago
2024-09-13,South,Corporate,Office Supplies,Storage,3523.96,2,888.91,United States,Dallas
2024-01-01,South,Corporate,Technology,Laptops,318.31,9,415.02,United States,New York
2024-01-15,East,Corporate,Office Supplies,Paper,3990.91,5,409.39,United States,San Diego
2024-12-09,West,Corporate,Office Supplies,Storage,2184.92,6,859.36,United States,San Diego
2024-09-02,South,Home Office,Technology,Laptops,3751.95,9,286.08,United States,San Diego
2024-01-05,East,Home Office,Technology,Phones,3928.2,8,970.29,United States,Dallas
2024-11-26,South,Corporate,Furniture,Chairs,1141.93,2,517.81,United States,Dallas
2024-07-07,East,Corporate,Technology,Laptops,2891.8,7,1236.76,United States,Los Angeles
2024-12-10,Central,Home Office,Office Supplies,Storage,1936.08,6,-15.81,United States,Los Angeles
2024-01-27,Central,Consumer,Office Supplies,Storage,3268.21,1,1082.2,United States,San Antonio
2024-11-28,Central,Consumer,Furniture,Bookcases,731.12,5,1359.57,United States,Phoenix
2024-02-09,Central,Consumer,Furniture,Chairs,2563.06,9,1219.7,United States,Los Angeles
2024-08-20,South,Corporate,Office Supplies,Paper,443.05,10,-188.83,United States,San Jose
2024-12-19,South,Corporate,Technology,Phones,2263.29,6,845.25,United States,San Jose
2024-04-05,East,Corporate,Office Supplies,Binders,1382.52,8,1036.08,United States,Los Angeles
2024-02-12,South,Consumer,Office Supplies,Paper,2181.51,3,727.31,United States,New York
2024-08-03,South,Consumer,Office Supplies,Paper,441.6,6,187.97,United States,Dallas
2024-03-08,East,Consumer,Furniture,Chairs,563.38,10,620.55,United States,San Diego
2024-03-27,South,Home Office,Technology,Phones,2005.24,1,450.64,United States,San Jose
2024-03-04,South,Corporate,Furniture,Chairs,4818.08,6,1144.83,United States,Chicago
2024-12-27,South,Home Office,Technology,Laptops,97.87,2,1406.59,United States,San Antonio
2024-08-18,Central,Corporate,Furniture,Bookcases,2247.5,2,775.67,United States,Houston
2024-12-26,East,Consumer,Office Supplies,Storage,3715.68,7,546.24,United States,San Diego
2024-12-08,South,Consumer,Furniture,Bookcases,4749.76,9,-72.42,United States,Chicago
2024-12-13,West,Home Office,Office Supplies,Paper,530.96,1,325.19,United States,Dallas
2024-03-26,Central,Consumer,Office Supplies,Paper,3761.39,5,1045.99,United States,San Jose
2024-07-10,East,Corporate,Office Supplies,Binders,3796.4,9,123.98,United States,Los Angeles
2024-02-29,West,Corporate,Furniture,Tables,3482.51,9,460.39,United States,San Diego
2024-10-26,Central,Consumer,Furniture,Chairs,1686.29,3,-132.1,United States,San Jose
2024-12-14,East,Consumer,Technology,Laptops,4876.66,7,434.44,United States,Dallas
2024-01-11,South,Consumer,Technology,Accessories,1787.9,10,138.23,United States,Houston
2024-08-30,East,Corporate,Technology,Phones,3935.14,8,631.46,United States,San Antonio
2024-06-10,West,Home Office,Office Supplies,Storage,2521.19,8,42.88,United States,Houston
2024-07-22,East,Corporate,Technology,Accessories,4798.52,8,760.5,United States,Chicago
2024-02-01,Central,Corporate,Office Supplies,Paper,4457.49,1,1405.03,United States,New York
2024-01-17,Central,Corporate,Technology,Laptops,479.65,4,431.69,United States,Los Angeles
2024-12-20,South,Home Office,Office Supplies,Storage,231.99,6,992.78,United States,Philadelphia
2024-05-14,West,Consumer,Furniture,Chairs,4616.77,7,661.24,United States,Philadelphia
2024-10-03,West,Consumer,Technology,Accessories,2237.21,6,500.75,United States,San Diego
2024-02-29,West,Corporate,Furniture,Tables,3482.51,9,460.39,United States,New York
2024-02-21,South,Corporate,Furniture,Chairs,2294.38,6,76.51,United States,Houston
2024-09-04,South,Consumer,Technology,Accessories,2311.09,3,452.1,United States,Dallas
2024-03-15,East,Consumer,Technology,Accessories,2201.65,7,309.58,United States,San Antonio
2024-04-05,East,Corporate,Office Supplies,Binders,1382.52,8,1036.08,United States,Los Angeles
2024-01-15,South,Corporate,Technology,Accessories,950.11,4,403.2,United States,San Jose
2024-02-21,Central,Corporate,Technology,Laptops,3083.25,5,118.16,United States,San Diego
2024-12-02,South,Home Office,Office Supplies,Paper,3138.65,10,235.1,United States,San Antonio
2024-04-07,East,Home Office,Furniture,Chairs,4997.88,8,1354.55,United States,San Antonio
2024-03-21,East,Home Office,Furniture,Chairs,453.83,8,925.3,United States,Philadelphia
2024-06-18,Central,Consumer,Technology,Phones,2559.3,9,893.64,United States,New York
2024-11-28,South,Consumer,Furniture,Tables,4899.97,9,1460.24,United States,Dallas
2024-04-19,Central,Consumer,Furniture,Bookcases,4669.63,2,1294.76,United States,Chicago
2024-03-11,Central,Home Office,Office Supplies,Binders,3540.43,9,1346.26,United States,San Jose
2024-02-24,Central,Home Office,Office Supplies,Paper,2320.67,7,1300.8,United States,New York
2024-06-24,West,Home Office,Office Supplies,Binders,2696.44,8,1341.1,United States,San Antonio
2024-04-12,West,Home Office,Technology,Phones,4388.48,6,702.45,United States,Los Angeles
2024-09-26,East,Home Office,Office Supplies,Storage,3368.76,9,415.11,United States,Houston
2024-01-13,Central,Consumer,Office Supplies,Storage,4938.88,10,1196.69,United States,Chicago
2024-05-07,East,Corporate,Technology,Phones,1320.46,2,1024.7,United States,Chicago
2024-11-28,South,Consumer,Furniture,Tables,4899.97,9,1460.24,United States,Los Angeles
2024-09-22,South,Home Office,Furniture,Chairs,244.3,7,677.42,United States,San Jose
2024-03-23,Central,Home Office,Furniture,Tables,1290.28,1,974.01,United States,San Antonio
2024-02-24,East,Consumer,Technology,Laptops,2487.49,7,-18.17,United States,Philadelphia
2024-10-22,Central,Consumer,Furniture,Tables,3827.45,8,1493.15,United States,San Antonio
2024-08-22,Central,Consumer,Office Supplies,Binders,3988.61,7,170.31,United States,Dallas
2024-11-06,East,Corporate,Furniture,Bookcases,4300.63,3,1315.2,United States,Los Angeles
2024-08-28,Central,Home Office,Office Supplies,Storage,90.48,2,532.58,United States,New York
2024-11-01,East,Home Office,Furniture,Tables,718.67,5,-188.83,United States,New York
2024-07-02,East,Home Office,Office Supplies,Storage,3517.78,10,758.13,United States,San Jose
2024-05-05,West,Corporate,Furniture,Bookcases,1928.3,9,173.35,United States,San Antonio
2024-02-10,South,Home Office,Office Supplies,Storage,702.39,8,-34.65,United States,New York
2024-03-06,West,Consumer,Office Supplies,Paper,2191.46,1,1213.36,United States,San Jose
2024-09-20,East,Corporate,Furniture,Tables,1246.6,2,254.7,United States,San Diego
2024-02-22,East,Corporate,Furniture,Tables,528.75,6,826.33,United States,Chicago
2024-09-05,East,Consumer,Technology,Laptops,4867.08,10,1158.83,United States,Dallas
2024-10-21,South,Corporate,Office Supplies,Binders,969.48,9,978.84,United States,Philadelphia
2024-02-07,South,Corporate,Technology,Laptops,4436.38,10,130.54,United States,San Antonio
2024-05-11,South,Corporate,Technology,Phones,3745.47,6,1167.2,United States,New York
2024-07-22,South,Corporate,Technology,Laptops,231.27,4,286.39,United States,Chicago
2024-09-09,East,Corporate,Furniture,Chairs,2792.41,6,594.59,United States,Phoenix
2024-03-21,Central,Corporate,Technology,Accessories,3621.9,10,813.58,United States,Chicago
2024-01-19,West,Corporate,Technology,Accessories,819.16,8,1316.5,United States,Philadelphia
2024-01-05,Central,Home Office,Technology,Phones,3033.78,6,283.75,United States,San Antonio
2024-12-03,East,Corporate,Office Supplies,Binders,2601.49,10,369.82,United States,Philadelphia
2024-09-20,West,Home Office,Furniture,Bookcases,760.71,7,-197.34,United States,Houston
2024-01-26,West,Consumer,Office Supplies,Paper,2380.14,1,-19.92,United States,Houston
2024-04-08,East,Home Office,Technology,Laptops,1919.96,3,226.18,United States,San Diego
2024-05-07,East,Corporate,Technology,Phones,1320.46,2,1024.7,United States,Chicago
2024-03-26,Central,Consumer,Furniture,Chairs,2607.37,7,818.91,United States,Dallas
2024-04-18,Central,Home Office,Furniture,Bookcases,451.88,4,95.48,United States,Los Angeles
2024-11-22,South,Consumer,Office Supplies,Binders,4369.96,10,283.38,United States,Dallas
2024-10-22,West,Corporate,Furniture,Chairs,3936.79,2,19.99,United States,San Antonio
2024-12-26,Central,Corporate,Furniture,Tables,2885.04,9,1475.33,United States,Los Angeles
2024-11-26,East,Consumer,Technology,Accessories,2499.69,2,209.84,United States,Chicago
2024-01-12,West,Consumer,Furniture,Chairs,1864.63,1,437.83,United States,Dallas
2024-10-20,West,Corporate,Office Supplies,Paper,1529.32,7,1334.72,United States,San Diego
2024-11-01,East,Home Office,Furniture,Tables,718.67,5,-188.83,United States,Los Angeles
2024-09-18,Central,Corporate,Technology,Phones,1149.36,10,18.02,United States,San Diego
2024-11-18,East,Corporate,Furniture,Bookcases,3634.17,10,1387.62,United States,New York
2024-01-16,South,Corporate,Technology,Phones,2801.97,9,224.75,United States,Los Angeles
2024-11-28,Central,Corporate,Technology,Laptops,4503.09,8,5.71,United States,Dallas
2024-09-20,East,Corporate,Furniture,Bookcases,251.14,5,746.22,United States,Dallas
2024-03-18,East,Corporate,Furniture,Chairs,1125.08,7,329.68,United States,Los Angeles
2024-11-24,Central,Consumer,Furniture,Bookcases,3667.41,10,448.63,United States,New York
2024-12-25,South,Home Office,Office Supplies,Binders,210.29,10,340.97,United States,Philadelphia
2024-03-24,Central,Consumer,Office Supplies,Binders,2914.49,5,778.85,United States,Phoenix
2024-04-12,West,Home Office,Technology,Phones,4388.48,6,702.45,United States,Philadelphia
2024-11-03,East,Home Office,Technology,Laptops,3924.04,6,705.67,United States,Phoenix
2024-08-24,West,Consumer,Technology,Phones,1337.77,6,159.82,United States,Phoenix
2024-10-28,West,Corporate,Furniture,Bookcases,1568.77,5,16.49,United States,Houston
2024-01-13,Central,Consumer,Office Supplies,Binders,1154.89,2,950.39,United States,Chicago
2024-06-19,South,Home Office,Furniture,Chairs,4327.12,4,253.57,United States,Phoenix
2024-01-05,East,Home Office,Technology,Phones,3928.2,8,970.29,United States,Houston
2024-06-12,West,Corporate,Office Supplies,Binders,2536.89,4,60.44,United States,San Antonio
2024-08-06,Central,Corporate,Office Supplies,Paper,2650.69,10,401.55,United States,San Antonio
2024-10-16,Central,Corporate,Technology,Accessories,1388.66,1,342.09,United States,Houston
2024-07-17,Central,Consumer,Furniture,Bookcases,921.7,10,340.61,United States,New York
2024-01-29,West,Consumer,Office Supplies,Paper,1590.06,9,485.75,United States,San Jose
2024-07-05,South,Consumer,Office Supplies,Paper,3513.09,6,1140.92,United States,New York
2024-10-11,South,Consumer,Office Supplies,Storage,989.99,4,1446.81,United States,Chicago
2024-03-15,East,Consumer,Technology,Accessories,2201.65,7,309.58,United States,San Diego
2024-05-18,Central,Corporate,Office Supplies,Paper,1191.16,4,336.43,United States,Houston
2024-03-11,West,Consumer,Office Supplies,Binders,1946.02,3,1000.91,United States,Dallas
2024-12-20,West,Home Office,Office Supplies,Binders,4085.46,2,458.59,United States,San Jose
2024-09-07,South,Corporate,Office Supplies,Binders,211.95,6,169.36,United States,Dallas
2024-06-09,Central,Home Office,Office Supplies,Binders,4940.72,6,1458.14,United States,San Antonio
2024-02-05,West,Consumer,Technology,Phones,1483.5,8,850.14,United States,Chicago
2024-03-12,East,Consumer,Technology,Phones,355.26,4,22.22,United States,San Antonio
2024-08-14,East,Consumer,Technology,Laptops,1371.93,3,1377.04,United States,San Antonio
2024-11-18,East,Corporate,Furniture,Bookcases,3634.17,10,1387.62,United States,San Antonio
2024-01-29,West,Home Office,Office Supplies,Binders,4967.74,4,1186.84,United States,Los Angeles
2024-09-13,South,Home Office,Furniture,Tables,3650.64,3,681.76,United States,Chicago
2024-11-24,South,Home Office,Technology,Accessories,4906.69,9,362.95,United States,San Diego
2024-05-26,South,Consumer,Furniture,Bookcases,657.06,2,568.47,United States,Phoenix
2024-12-21,Central,Corporate,Office Supplies,Paper,4753.76,6,789.32,United States,Los Angeles
2024-01-21,West,Home Office,Office Supplies,Binders,1559.39,8,468.78,United States,Chicago
2024-10-05,East,Home Office,Technology,Accessories,4419.38,4,168.69,United States,Los Angeles
2024-03-18,South,Home Office,Furniture,Bookcases,3448.5,4,-52.63,United States,Philadelphia
2024-06-25,South,Home Office,Technology,Laptops,733.44,2,1071.28,United States,Houston
2024-12-10,Central,Home Office,Furniture,Chairs,3321.58,10,772.88,United States,Chicago
2024-05-21,West,Home Office,Technology,Phones,3839.18,1,1176.11,United States,Dallas
2024-04-09,Central,Home Office,Technology,Accessories,4738.29,8,584.86,United States,San Antonio
2024-12-19,South,Corporate,Technology,Phones,2263.29,6,845.25,United States,San Antonio
2024-02-06,West,Corporate,Technology,Laptops,2067.78,8,871.37,United States,Dallas
2024-08-02,West,Corporate,Technology,Accessories,1136.14,7,625.59,United States,New York
2024-12-17,Central,Home Office,Furniture,Chairs,3499.55,1,165.54,United States,San Antonio
2024-09-24,South,Corporate,Office Supplies,Binders,4547.1,5,1262.28,United States,Dallas
2024-02-09,Central,Consumer,Technology,Accessories,2535.1,1,104.89,United States,New York
2024-02-24,Central,Home Office,Office Supplies,Paper,2320.67,7,1300.8,United States,San Antonio
2024-08-20,South,Corporate,Office Supplies,Paper,443.05,10,-188.83,United States,San Diego
2024-11-09,West,Corporate,Office Supplies,Storage,1239.79,3,524.99,United States,San Jose
2024-01-29,West,Home Office,Office Supplies,Binders,4967.74,4,1186.84,United States,Dallas
2024-01-08,West,Corporate,Furniture,Tables,275.3,1,740.71,United States,San Jose
2024-02-10,South,Home Office,Office Supplies,Storage,702.39,8,-34.65,United States,Los Angeles
2024-01-17,West,Corporate,Office Supplies,Storage,127.51,4,797.96,United States,Phoenix
2024-12-17,Central,Home Office,Furniture,Chairs,3499.55,1,165.54,United States,San Antonio
2024-05-23,East,Corporate,Furniture,Chairs,2670.69,10,1499.33,United States,San Antonio
2024-07-30,Central,Corporate,Office Supplies,Binders,351.74,10,1295.51,United States,Phoenix
2024-01-31,West,Corporate,Furniture,Bookcases,2107.33,8,146.84,United States,San Antonio
2024-08-08,East,Home Office,Office Supplies,Storage,616.35,9,1025.43,United States,San Diego
2024-09-24,South,Consumer,Office Supplies,Storage,2101.49,3,763.21,United States,New York
2024-01-17,West,Corporate,Office Supplies,Storage,127.51,4,797.96,United States,Chicago
2024-06-10,East,Corporate,Technology,Accessories,3738.93,1,-25.51,United States,San Diego
2024-09-18,West,Corporate,Office Supplies,Paper,2774.21,1,1106.04,United States,San Antonio
2024-01-02,South,Corporate,Furniture,Chairs,3462.39,8,295.14,United States,San Diego
2024-12-29,Central,Home Office,Office Supplies,Storage,2755.74,10,134.0,United States,Houston
2024-01-11,West,Consumer,Furniture,Chairs,674.79,2,758.75,United States,Los Angeles
2024-08-10,East,Home Office,Office Supplies,Binders,3534.26,2,554.25,United States,Los Angeles
2024-08-16,Central,Corporate,Office Supplies,Storage,1695.04,4,1011.93,United States,San Antonio
2024-03-21,East,Corporate,Office Supplies,Storage,4728.92,10,308.56,United States,San Diego
2024-06-09,South,Home Office,Technology,Phones,2051.89,7,292.18,United States,San Antonio
2024-03-18,South,Home Office,Furniture,Bookcases,3448.5,4,-52.63,United States,New York
2024-07-22,East,Corporate,Technology,Accessories,4798.52,8,760.5,United States,San Diego
2024-09-25,Central,Consumer,Technology,Phones,605.54,1,1122.24,United States,Houston
2024-09-28,Central,Corporate,Office Supplies,Paper,317.61,3,33.52,United States,Dallas
2024-09-15,South,Home Office,Technology,Laptops,2257.27,3,1064.21,United States,San Jose
2024-01-02,Central,Corporate,Office Supplies,Binders,4157.93,5,731.07,United States,New York
2024-04-29,Central,Consumer,Furniture,Bookcases,57.83,1,590.31,United States,Philadelphia
2024-01-13,West,Corporate,Furniture,Chairs,1674.9,2,1443.71,United States,Chicago
2024-07-02,East,Home Office,Office Supplies,Storage,3517.78,10,758.13,United States,Dallas
2024-11-15,West,Home Office,Furniture,Bookcases,2216.48,7,419.31,United States,Philadelphia
2024-08-21,Central,Consumer,Office Supplies,Paper,4904.83,4,772.06,United States,Los Angeles
2024-03-11,West,Consumer,Technology,Accessories,1170.05,7,1099.72,United States,New York
2024-01-05,Central,Home Office,Office Supplies,Storage,562.75,3,249.59,United States,San Antonio
2024-09-22,South,Home Office,Furniture,Chairs,244.3,7,677.42,United States,Philadelphia
2024-09-09,South,Consumer,Office Supplies,Storage,3010.28,7,1048.71,United States,San Diego
2024-06-06,Central,Home Office,Furniture,Tables,3854.72,8,290.93,United States,San Antonio
2024-01-28,East,Corporate,Technology,Laptops,2643.71,2,-23.32,United States,Philadelphia
2024-04-27,Central,Consumer,Office Supplies,Storage,2015.5,1,541.57,United States,New York
2024-05-18,Central,Corporate,Office Supplies,Paper,1191.16,4,336.43,United States,San Diego
2024-10-21,South,Corporate,Office Supplies,Binders,969.48,9,978.84,United States,New York
2024-12-19,East,Corporate,Furniture,Chairs,2249.36,2,730.38,United States,Dallas
2024-10-15,South,Corporate,Office Supplies,Binders,4830.3,7,-19.89,United States,San Diego
2024-02-26,East,Home Office,Office Supplies,Paper,3311.51,1,1219.83,United States,Chicago
2024-03-31,East,Corporate,Furniture,Tables,3950.41,3,1392.23,United States,Philadelphia
2024-06-24,East,Home Office,Technology,Phones,3248.33,1,221.16,United States,Chicago
2024-06-24,East,Home Office,Technology,Phones,3248.33,1,221.16,United States,Chicago
2024-11-19,South,Home Office,Office Supplies,Paper,3216.94,9,326.42,United States,Philadelphia
2024-05-30,West,Corporate,Furniture,Chairs,3474.35,5,928.73,United States,Houston
2024-11-26,South,Corporate,Furniture,Chairs,1141.93,2,517.81,United States,Dallas
2024-10-07,East,Corporate,Technology,Accessories,1470.22,7,1135.79,United States,San Diego
2024-07-25,East,Corporate,Furniture,Tables,916.42,9,-19.01,United States,San Jose
2024-06-19,South,Home Office,Furniture,Chairs,4327.12,4,253.57,United States,San Antonio
2024-11-26,East,Consumer,Furniture,Tables,2789.31,10,1026.01,United States,Phoenix
2024-01-03,Central,Consumer,Office Supplies,Binders,3450.91,10,1282.19,United States,Houston
2024-02-22,East,Corporate,Furniture,Tables,528.75,6,826.33,United States,New York
2024-02-17,Central,Home Office,Furniture,Bookcases,4927.12,8,997.66,United States,San Jose
2024-05-08,South,Consumer,Furniture,Bookcases,2606.04,6,1189.3,United States,Houston
2024-06-14,West,Home Office,Office Supplies,Paper,3654.77,9,685.57,United States,Los Angeles
2024-03-07,South,Corporate,Office Supplies,Storage,609.04,7,549.17,United States,Phoenix
2024-11-26,East,Consumer,Technology,Accessories,2499.69,2,209.84,United States,San Antonio
2024-07-10,East,Corporate,Office Supplies,Binders,3796.4,9,123.98,United States,Houston
2024-09-18,Central,Corporate,Technology,Phones,1149.36,10,18.02,United States,Chicago
2024-08-18,Central,Corporate,Furniture,Bookcases,2247.5,2,775.67,United States,San Antonio
2024-05-14,West,Corporate,Office Supplies,Binders,3532.01,5,72.64,United States,Dallas
2024-01-07,Central,Corporate,Technology,Accessories,1969.61,2,1032.23,United States,Phoenix
2024-01-23,East,Corporate,Technology,Accessories,3867.04,5,74.69,United States,Chicago
2024-01-02,Central,Corporate,Office Supplies,Binders,4157.93,5,731.07,United States,San Diego
2024-08-24,West,Consumer,Technology,Phones,1337.77,6,159.82,United States,San Jose
2024-05-25,West,Home Office,Furniture,Chairs,3108.93,1,590.43,United States,San Diego
2024-07-27,Central,Home Office,Furniture,Tables,2356.33,1,151.62,United States,Phoenix
2024-05-25,West,Consumer,Furniture,Bookcases,402.65,10,1316.81,United States,San Antonio
2024-01-31,West,Corporate,Furniture,Bookcases,2107.33,8,146.84,United States,San Diego
2024-12-27,South,Home Office,Technology,Laptops,97.87,2,1406.59,United States,Los Angeles
2024-03-01,West,Corporate,Furniture,Tables,4666.63,5,665.08,United States,Philadelphia
2024-03-12,South,Corporate,Technology,Laptops,3095.97,2,-167.69,United States,San Antonio
2024-09-09,East,Corporate,Furniture,Chairs,2792.41,6,594.59,United States,New York
2024-06-25,Central,Corporate,Office Supplies,Paper,3050.73,9,-3.4,United States,Chicago
2024-03-10,Central,Consumer,Technology,Phones,4746.68,6,1230.74,United States,Los Angeles
2024-12-27,Central,Home Office,Furniture,Tables,4305.05,2,968.55,United States,San Diego
2024-10-06,East,Corporate,Office Supplies,Binders,2933.42,3,530.64,United States,Phoenix
2024-05-24,East,Home Office,Office Supplies,Storage,4119.44,6,674.33,United States,San Diego
2024-10-03,Central,Corporate,Technology,Laptops,3790.27,3,1143.85,United States,Chicago
2024-05-01,Central,Home Office,Furniture,Bookcases,2452.8,9,24.93,United States,New York
2024-07-06,South,Corporate,Technology,Laptops,273.95,1,769.48,United States,Houston
2024-02-21,South,Corporate,Furniture,Chairs,2294.38,6,76.51,United States,New York
2024-03-23,East,Consumer,Technology,Laptops,2566.3,6,1161.45,United States,Chicago
2024-10-22,Central,Consumer,Furniture,Tables,3827.45,8,1493.15,United States,Chicago
2024-02-05,West,Corporate,Office Supplies,Binders,1513.58,5,720.73,United States,Los Angeles
2024-03-16,West,Corporate,Technology,Accessories,458.6,10,1067.04,United States,San Jose
2024-05-21,West,Home Office,Technology,Phones,3839.18,1,1176.11,United States,San Jose
2024-05-14,West,Corporate,Furniture,Bookcases,510.4,6,-70.75,United States,Phoenix
2024-06-25,Central,Corporate,Office Supplies,Paper,3050.73,9,-3.4,United States,Philadelphia
2024-02-13,East,Home Office,Technology,Phones,319.96,10,1375.44,United States,San Jose
2024-12-08,South,Consumer,Furniture,Bookcases,4749.76,9,-72.42,United States,San Antonio
2024-12-07,East,Consumer,Furniture,Bookcases,3357.3,9,503.78,United States,Dallas
2024-06-30,South,Corporate,Office Supplies,Paper,2361.77,1,944.72,United States,San Antonio
2024-08-24,West,Consumer,Technology,Phones,1337.77,6,159.82,United States,San Antonio
2024-08-02,South,Consumer,Furniture,Chairs,598.75,8,814.46,United States,Phoenix
2024-03-10,South,Consumer,Office Supplies,Binders,4962.81,3,992.43,United States,San Diego
2024-12-29,East,Consumer,Technology,Phones,4253.44,2,951.14,United States,Houston
2024-08-27,Central,Home Office,Technology,Accessories,2251.98,9,100.96,United States,Chicago
2024-12-08,South,Consumer,Furniture,Bookcases,4749.76,9,-72.42,United States,Dallas
2024-11-06,East,Consumer,Technology,Phones,4654.54,4,914.77,United States,San Antonio
2024-07-30,South,Home Office,Furniture,Bookcases,2673.46,7,212.86,United States,San Diego
2024-10-22,West,Home Office,Office Supplies,Paper,394.3,4,1114.22,United States,Phoenix
2024-10-14,West,Home Office,Office Supplies,Binders,3266.93,9,513.18,United States,Dallas
2024-07-30,South,Consumer,Technology,Phones,1882.55,9,622.39,United States,Chicago
2024-01-22,South,Home Office,Technology,Accessories,1598.84,10,1396.54,United States,San Diego
2024-02-29,West,Corporate,Technology,Phones,1593.86,8,1133.26,United States,Chicago
2024-10-01,East,Home Office,Office Supplies,Storage,591.12,8,1205.92,United States,San Jose
2024-09-28,Central,Corporate,Office Supplies,Paper,317.61,3,33.52,United States,New York
2024-03-15,Central,Consumer,Technology,Accessories,1473.77,2,388.82,United States,San Jose
2024-05-13,Central,Corporate,Technology,Accessories,4263.51,8,-108.75,United States,Houston
2024-06-17,South,Home Office,Technology,Laptops,702.27,3,787.75,United States,Los Angeles
2024-08-04,East,Corporate,Furniture,Bookcases,1939.02,8,699.49,United States,San Diego
2024-01-20,East,Corporate,Technology,Accessories,4166.9,2,895.93,United States,Chicago
2024-03-21,East,Corporate,Office Supplies,Binders,3909.38,6,938.43,United States,Houston
2024-08-31,Central,Corporate,Furniture,Bookcases,150.15,5,328.61,United States,Los Angeles
2024-06-30,South,Corporate,Office Supplies,Paper,2361.77,1,944.72,United States,San Diego
2024-11-24,Central,Consumer,Furniture,Bookcases,3667.41,10,448.63,United States,Philadelphia
2024-12-08,Central,Consumer,Technology,Phones,1364.79,3,941.87,United States,Dallas
2024-05-27,East,Home Office,Office Supplies,Paper,3399.28,7,1322.79,United States,San Jose
2024-03-22,East,Consumer,Office Supplies,Storage,4250.91,8,-140.84,United States,Dallas
2024-02-05,Central,Consumer,Office Supplies,Paper,4255.4,8,-20.58,United States,Chicago
2024-12-07,East,Consumer,Furniture,Bookcases,3357.3,9,503.78,United States,Chicago
2024-08-21,Central,Consumer,Office Supplies,Paper,4904.83,4,772.06,United States,Chicago
2024-02-18,South,Home Office,Office Supplies,Storage,3646.93,8,387.77,United States,Philadelphia
2024-04-12,West,Home Office,Technology,Phones,4388.48,6,702.45,United States,Philadelphia
2024-04-16,South,Corporate,Office Supplies,Paper,1210.8,1,941.78,United States,Philadelphia
2024-04-30,South,Consumer,Office Supplies,Paper,1905.82,1,341.76,United States,New York
2024-11-19,East,Consumer,Furniture,Bookcases,383.63,1,1261.38,United States,San Antonio
2024-10-26,East,Home Office,Office Supplies,Binders,4248.84,6,1377.68,United States,Dallas
2024-11-28,Central,Consumer,Office Supplies,Binders,4378.4,5,-41.32,United States,Dallas
2024-04-22,West,Home Office,Furniture,Tables,2613.89,1,747.59,United States,Phoenix
2024-08-18,Central,Corporate,Furniture,Bookcases,2247.5,2,775.67,United States,San Antonio
2024-02-06,East,Consumer,Technology,Phones,3973.51,10,1073.23,United States,San Jose
2024-05-11,South,Corporate,Technology,Phones,3745.47,6,1167.2,United States,New York
2024-09-09,South,Consumer,Office Supplies,Storage,3010.28,7,1048.71,United States,New York
2024-02-10,Central,Home Office,Technology,Phones,1513.42,8,824.46,United States,San Antonio
2024-09-09,South,Consumer,Office Supplies,Storage,3010.28,7,1048.71,United States,New York
2024-11-16,South,Consumer,Technology,Laptops,530.09,4,90.41,United States,San Antonio
2024-10-11,South,Consumer,Office Supplies,Storage,989.99,4,1446.81,United States,San Jose
2024-07-30,South,Consumer,Technology,Phones,1882.55,9,622.39,United States,San Diego
2024-01-06,West,Home Office,Office Supplies,Binders,1444.05,2,323.21,United States,Houston
2024-12-26,East,Home Office,Furniture,Tables,553.67,9,117.83,United States,San Diego
2024-07-30,West,Home Office,Furniture,Tables,3373.13,4,1088.22,United States,Dallas
2024-11-16,East,Home Office,Furniture,Tables,423.23,1,1244.3,United States,Los Angeles
2024-06-09,West,Consumer,Office Supplies,Storage,1088.08,5,967.24,United States,Philadelphia
2024-07-07,South,Consumer,Furniture,Tables,3675.69,9,1092.82,United States,Chicago
2024-12-03,Central,Consumer,Furniture,Bookcases,3634.72,6,1368.0,United States,Los Angeles
2024-01-12,West,Consumer,Furniture,Chairs,1864.63,1,437.83,United States,San Diego
2024-02-05,West,Corporate,Office Supplies,Binders,1513.58,5,720.73,United States,Houston
2024-01-05,Central,Home Office,Technology,Phones,3033.78,6,283.75,United States,Los Angeles
2024-03-15,East,Corporate,Furniture,Bookcases,2788.89,10,784.54,United States,San Antonio
2024-11-09,West,Corporate,Office Supplies,Storage,1239.79,3,524.99,United States,Houston
2024-11-13,West,Home Office,Furniture,Bookcases,1510.77,7,1300.72,United States,New York
2024-12-09,West,Corporate,Furniture,Bookcases,1084.0,6,315.42,United States,New York
2024-12-01,West,Corporate,Technology,Phones,385.68,9,1412.62,United States,Los Angeles
2024-11-30,South,Corporate,Office Supplies,Storage,3439.25,7,1007.24,United States,San Diego
2024-06-06,West,Corporate,Furniture,Tables,3446.06,5,973.49,United States,San Jose
2024-01-16,South,Corporate,Technology,Phones,2801.97,9,224.75,United States,Houston
2024-05-08,East,Consumer,Furniture,Bookcases,876.21,2,-37.56,United States,Houston
2024-09-28,West,Home Office,Furniture,Bookcases,1202.54,2,502.61,United States,Philadelphia
2024-06-10,East,Home Office,Furniture,Chairs,4120.57,9,669.16,United States,San Diego
2024-08-30,West,Home Office,Office Supplies,Binders,1138.34,7,1154.51,United States,Dallas
2024-09-16,Central,Consumer,Office Supplies,Paper,4211.16,9,107.93,United States,San Jose
2024-06-25,South,Home Office,Technology,Laptops,733.44,2,1071.28,United States,Philadelphia
2024-09-23,Central,Corporate,Technology,Accessories,4445.47,3,382.65,United States,Chicago
2024-03-10,Central,Consumer,Technology,Phones,4746.68,6,1230.74,United States,Chicago
2024-10-16,Central,Corporate,Technology,Accessories,1388.66,1,342.09,United States,San Diego
2024-03-10,Central,Consumer,Technology,Phones,4746.68,6,1230.74,United States,Chicago
2024-12-04,West,Corporate,Office Supplies,Binders,4065.3,2,618.58,United States,San Jose
2024-02-13,South,Corporate,Office Supplies,Binders,1185.31,5,553.37,United States,Houston
2024-08-23,Central,Home Office,Office Supplies,Paper,96.52,8,1332.06,United States,Philadelphia
2024-09-18,West,Corporate,Office Supplies,Paper,2774.21,1,1106.04,United States,Chicago
2024-06-04,West,Consumer,Office Supplies,Binders,1647.17,4,388.24,United States,Houston
2024-10-12,East,Consumer,Technology,Phones,3969.33,10,883.81,United States,Los Angeles
2024-06-10,East,Consumer,Technology,Accessories,2318.51,10,1493.36,United States,Chicago
2024-12-19,South,Corporate,Technology,Phones,2263.29,6,845.25,United States,San Jose
2024-04-06,East,Corporate,Office Supplies,Binders,1117.17,4,1018.54,United States,Los Angeles
2024-05-30,West,Consumer,Technology,Phones,3965.99,1,336.51,United States,Philadelphia
2024-08-23,East,Corporate,Furniture,Bookcases,440.06,5,1209.99,United States,Chicago
2024-12-01,Central,Corporate,Technology,Laptops,3828.64,8,1443.06,United States,San Antonio
2024-12-22,Central,Home Office,Furniture,Tables,1443.54,4,-36.94,United States,Philadelphia
2024-11-28,South,Consumer,Furniture,Tables,4899.97,9,1460.24,United States,Houston
2024-08-02,West,Corporate,Technology,Accessories,1136.14,7,625.59,United States,Dallas
2024-05-22,East,Consumer,Technology,Laptops,3505.79,6,272.38,United States,Chicago
2024-09-01,East,Home Office,Office Supplies,Paper,1769.08,3,577.23,United States,San Antonio
2024-08-14,East,Consumer,Technology,Laptops,1371.93,3,1377.04,United States,Los Angeles
2024-11-25,Central,Consumer,Furniture,Bookcases,793.69,3,415.78,United States,New York
2024-03-06,Central,Home Office,Furniture,Tables,4051.3,3,1409.77,United States,New York
2024-09-06,East,Corporate,Office Supplies,Paper,4496.49,4,344.53,United States,San Antonio
2024-03-27,South,Home Office,Technology,Phones,2005.24,1,450.64,United States,Los Angeles
2024-04-06,Central,Home Office,Office Supplies,Storage,2404.36,3,1428.13,United States,Philadelphia
2024-06-27,South,Corporate,Furniture,Tables,4654.72,2,1278.64,United States,Phoenix
2024-09-05,Central,Home Office,Furniture,Bookcases,3823.16,1,-30.72,United States,San Antonio
2024-05-01,Central,Home Office,Furniture,Bookcases,2452.8,9,24.93,United States,Philadelphia
2024-12-17,Central,Home Office,Furniture,Chairs,3499.55,1,165.54,United States,San Antonio
2024-07-07,East,Corporate,Technology,Laptops,2891.8,7,1236.76,United States,New York
2024-10-03,West,Home Office,Office Supplies,Storage,4308.42,2,103.41,United States,San Jose
2024-09-18,Central,Corporate,Technology,Phones,1149.36,10,18.02,United States,New York
2024-04-21,South,Corporate,Furniture,Chairs,349.23,10,1351.68,United States,Houston
2024-03-19,Central,Consumer,Office Supplies,Storage,1584.04,9,1365.57,United States,Dallas
2024-08-14,East,Consumer,Technology,Laptops,1371.93,3,1377.04,United States,Los Angeles
2024-09-25,Central,Corporate,Technology,Laptops,759.31,2,1197.64,United States,Phoenix
2024-01-13,Central,Consumer,Office Supplies,Storage,4938.88,10,1196.69,United States,Dallas
2024-06-18,Central,Consumer,Furniture,Bookcases,4006.74,7,1312.13,United States,San Jose
2024-03-08,East,Consumer,Furniture,Chairs,563.38,10,620.55,United States,New York
2024-05-17,East,Consumer,Furniture,Bookcases,2378.98,8,1357.32,United States,Phoenix
2024-07-14,Central,Home Office,Furniture,Chairs,1514.57,5,-162.7,United States,Dallas
2024-10-04,East,Corporate,Technology,Phones,4079.43,2,847.39,United States,Phoenix
2024-01-13,Central,Consumer,Office Supplies,Binders,1154.89,2,950.39,United States,Los Angeles
2024-01-15,South,Corporate,Technology,Accessories,950.11,4,403.2,United States,Chicago
2024-02-20,West,Consumer,Furniture,Tables,1116.56,5,610.12,United States,New York
2024-03-15,East,Corporate,Furniture,Bookcases,2788.89,10,784.54,United States,San Antonio
2024-01-03,East,Home Office,Furniture,Tables,4679.78,10,620.98,United States,New York
2024-05-08,South,Corporate,Technology,Laptops,1036.12,7,1250.67,United States,San Jose
2024-10-22,West,Corporate,Furniture,Chairs,3936.79,2,19.99,United States,San Jose
2024-12-14,East,Consumer,Technology,Laptops,4876.66,7,434.44,United States,Los Angeles
2024-11-09,Central,Corporate,Furniture,Bookcases,3259.86,9,1174.97,United States,New York
2024-12-27,South,Home Office,Furniture,Tables,1508.84,8,122.62,United States,Philadelphia
2024-05-05,West,Corporate,Furniture,Bookcases,1928.3,9,173.35,United States,San Antonio
2024-03-11,Central,Corporate,Furniture,Chairs,2620.7,3,830.64,United States,Dallas
2024-12-24,Central,Corporate,Furniture,Tables,4278.91,5,566.24,United States,Los Angeles
2024-10-22,West,Consumer,Technology,Phones,3300.84,4,1240.37,United States,San Diego
2024-10-14,Central,Home Office,Furniture,Chairs,2943.7,10,478.98,United States,Houston
2024-06-09,South,Corporate,Office Supplies,Binders,3342.28,6,1421.11,United States,Dallas
2024-04-13,West,Home Office,Furniture,Chairs,1812.34,2,3.79,United States,San Diego
2024-10-24,South,Home Office,Office Supplies,Binders,1103.17,1,737.71,United States,Chicago
2024-03-19,West,Corporate,Technology,Accessories,1188.59,10,1216.72,United States,Houston
2024-08-28,Central,Consumer,Technology,Phones,1884.99,7,-122.28,United States,San Diego
2024-12-03,Central,Consumer,Furniture,Bookcases,3634.72,6,1368.0,United States,Chicago
2024-02-19,West,Consumer,Furniture,Chairs,1000.06,9,229.11,United States,Chicago
2024-09-25,Central,Consumer,Technology,Phones,605.54,1,1122.24,United States,San Antonio
2024-06-14,East,Consumer,Office Supplies,Storage,3444.89,6,473.28,United States,San Diego
2024-01-03,East,Home Office,Furniture,Tables,4679.78,10,620.98,United States,Philadelphia
2024-09-17,East,Consumer,Furniture,Chairs,4300.51,1,215.74,United States,Phoenix
2024-11-25,Central,Consumer,Furniture,Bookcases,793.69,3,415.78,United States,New York
2024-05-18,Central,Corporate,Office Supplies,Paper,1191.16,4,336.43,United States,Chicago
2024-12-17,Central,Home Office,Furniture,Tables,478.2,8,448.4,United States,San Antonio
2024-08-26,Central,Corporate,Technology,Accessories,1344.73,9,1300.78,United States,Dallas
2024-05-26,South,Consumer,Furniture,Bookcases,657.06,2,568.47,United States,New York
2024-08-31,Central,Consumer,Office Supplies,Storage,4624.59,5,1328.83,United States,Chicago
2024-01-28,Central,Consumer,Technology,Laptops,2448.81,4,1185.87,United States,Phoenix
2024-11-23,East,Corporate,Office Supplies,Binders,746.18,2,204.59,United States,Chicago
2024-08-23,Central,Home Office,Office Supplies,Paper,96.52,8,1332.06,United States,New York
2024-05-08,East,Consumer,Office Supplies,Binders,3641.67,8,1417.62,United States,Philadelphia
2024-02-24,East,Consumer,Technology,Laptops,2487.49,7,-18.17,United States,Dallas
2024-07-10,East,Corporate,Office Supplies,Binders,3796.4,9,123.98,United States,Phoenix
2024-06-06,East,Corporate,Technology,Laptops,1309.56,1,1067.87,United States,San Antonio
2024-03-15,East,Corporate,Furniture,Bookcases,2788.89,10,784.54,United States,Dallas
2024-12-15,Central,Corporate,Furniture,Chairs,4583.87,2,455.99,United States,San Jose
2024-05-08,West,Home Office,Furniture,Tables,3143.92,10,848.34,United States,Chicago
2024-01-19,West,Corporate,Technology,Accessories,819.16,8,1316.5,United States,Chicago
2024-12-19,South,Corporate,Technology,Phones,2263.29,6,845.25,United States,Philadelphia
2024-10-06,Central,Home Office,Office Supplies,Paper,3871.35,5,837.13,United States,Chicago
2024-02-10,South,Home Office,Office Supplies,Storage,702.39,8,-34.65,United States,Phoenix
2024-07-10,South,Home Office,Office Supplies,Storage,2768.71,8,1087.5,United States,New York
2024-03-15,South,Consumer,Technology,Laptops,4624.86,4,139.46,United States,San Diego
2024-10-07,Central,Corporate,Office Supplies,Storage,4973.41,9,301.33,United States,San Jose
2024-02-22,East,Corporate,Furniture,Tables,528.75,6,826.33,United States,Houston
2024-10-02,Central,Consumer,Technology,Phones,3914.66,10,1062.28,United States,Los Angeles
2024-08-24,West,Consumer,Technology,Phones,1337.77,6,159.82,United States,Philadelphia
2024-03-19,Central,Consumer,Office Supplies,Storage,1584.04,9,1365.57,United States,Chicago
2024-09-06,East,Corporate,Office Supplies,Paper,4496.49,4,344.53,United States,Philadelphia
2024-02-05,West,Home Office,Furniture,Bookcases,3437.78,5,1495.62,United States,San Jose
2024-04-29,East,Home Office,Technology,Accessories,1073.53,6,459.76,United States,Dallas
2024-08-12,South,Home Office,Furniture,Chairs,1658.23,8,1308.9,United States,San Antonio
2024-03-21,South,Home Office,Technology,Accessories,3532.52,10,1472.55,United States,Phoenix
2024-05-22,South,Consumer,Furniture,Chairs,3764.86,10,837.56,United States,Chicago
2024-03-04,South,Corporate,Furniture,Chairs,4818.08,6,1144.83,United States,Dallas
2024-06-06,East,Corporate,Technology,Laptops,1309.56,1,1067.87,United States,San Jose
2024-08-20,West,Home Office,Technology,Phones,2106.35,10,-101.85,United States,San Diego
2024-01-20,East,Consumer,Office Supplies,Storage,2437.09,3,1333.37,United States,Houston
2024-12-08,South,Consumer,Furniture,Bookcases,4749.76,9,-72.42,United States,New York
2024-07-05,South,Consumer,Office Supplies,Paper,3513.09,6,1140.92,United States,Chicago
2024-06-27,Central,Home Office,Furniture,Bookcases,2368.55,10,1354.61,United States,Dallas
2024-08-23,East,Corporate,Technology,Laptops,625.53,2,450.54,United States,Los Angeles
2024-02-09,Central,Consumer,Technology,Accessories,2535.1,1,104.89,United States,Los Angeles
2024-11-28,Central,Corporate,Technology,Laptops,4503.09,8,5.71,United States,Houston
2024-03-26,East,Home Office,Furniture,Chairs,374.09,4,1270.42,United States,San Jose
2024-12-13,West,Home Office,Office Supplies,Paper,530.96,1,325.19,United States,Philadelphia
2024-09-26,West,Consumer,Furniture,Chairs,224.02,6,1262.63,United States,Los Angeles
2024-04-12,West,Home Office,Technology,Phones,4388.48,6,702.45,United States,San Jose
2024-06-18,Central,Consumer,Furniture,Bookcases,4006.74,7,1312.13,United States,San Diego
2024-09-16,Central,Consumer,Office Supplies,Paper,4211.16,9,107.93,United States,San Jose
2024-01-20,East,Consumer,Office Supplies,Storage,2437.09,3,1333.37,United States,New York
2024-10-18,East,Home Office,Technology,Accessories,4802.54,2,1410.9,United States,San Diego
2024-12-08,Central,Consumer,Technology,Phones,1364.79,3,941.87,United States,Philadelphia
2024-07-16,Central,Corporate,Office Supplies,Storage,3632.48,10,1284.58,United States,Los Angeles
2024-09-01,East,Home Office,Office Supplies,Paper,1769.08,3,577.23,United States,Houston
2024-01-09,South,Home Office,Technology,Accessories,635.61,1,890.42,United States,Houston
2024-09-10,Central,Corporate,Technology,Phones,4150.3,6,730.43,United States,San Diego
2024-08-14,South,Corporate,Technology,Laptops,1117.07,9,-6.51,United States,Houston
2024-06-09,West,Consumer,Office Supplies,Storage,1088.08,5,967.24,United States,San Antonio
2024-05-06,West,Corporate,Furniture,Chairs,2691.76,1,1098.88,United States,Philadelphia
2024-01-30,South,Home Office,Office Supplies,Binders,1631.95,3,1026.18,United States,San Antonio
2024-08-04,East,Corporate,Furniture,Bookcases,1939.02,8,699.49,United States,San Diego
2024-07-30,South,Consumer,Technology,Phones,1882.55,9,622.39,United States,Chicago
2024-01-06,East,Home Office,Furniture,Tables,4086.13,3,384.6,United States,Houston
2024-06-06,West,Corporate,Furniture,Tables,3446.06,5,973.49,United States,Phoenix
2024-04-08,West,Consumer,Furniture,Chairs,2145.71,7,143.26,United States,Los Angeles
2024-03-22,East,Consumer,Office Supplies,Storage,4250.91,8,-140.84,United States,New York
2024-07-15,West,Consumer,Technology,Accessories,4659.24,1,739.87,United States,New York
2024-05-04,West,Home Office,Furniture,Tables,1065.77,9,152.17,United States,Dallas
2024-01-03,East,Home Office,Furniture,Tables,4679.78,10,620.98,United States,Phoenix
2024-03-27,South,Home Office,Technology,Phones,2005.24,1,450.64,United States,Houston
2024-11-01,Central,Consumer,Office Supplies,Storage,4171.51,5,186.72,United States,Dallas
2024-06-16,South,Home Office,Furniture,Bookcases,3189.76,2,327.29,United States,Phoenix
2024-06-06,West,Corporate,Furniture,Tables,3446.06,5,973.49,United States,Houston
2024-06-06,South,Consumer,Technology,Accessories,495.74,7,659.26,United States,San Diego
2024-09-25,West,Corporate,Technology,Accessories,1895.62,5,458.61,United States,Chicago
2024-08-25,East,Corporate,Technology,Phones,1851.13,1,926.55,United States,Philadelphia
2024-12-05,Central,Home Office,Office Supplies,Binders,3047.89,3,512.0,United States,San Diego
2024-04-06,West,Corporate,Technology,Accessories,144.67,4,1036.19,United States,San Diego
2024-05-30,Central,Consumer,Furniture,Bookcases,4024.56,5,1289.39,United States,San Jose
2024-08-14,East,Consumer,Technology,Laptops,1371.93,3,1377.04,United States,Houston
2024-03-30,East,Home Office,Office Supplies,Paper,4338.92,3,-174.74,United States,Phoenix
2024-02-10,Central,Home Office,Technology,Phones,1513.42,8,824.46,United States,Dallas
2024-08-02,South,Consumer,Furniture,Chairs,598.75,8,814.46,United States,Houston
2024-02-26,East,Home Office,Office Supplies,Paper,3311.51,1,1219.83,United States,Chicago
2024-08-04,East,Corporate,Furniture,Bookcases,1939.02,8,699.49,United States,San Diego
2024-05-04,West,Home Office,Furniture,Tables,1065.77,9,152.17,United States,Phoenix
2024-02-21,Central,Corporate,Technology,Laptops,3083.25,5,118.16,United States,New York
